id,tag_name,name,created_at,published_at,author_login,author_name,file_name
RE_kwDOFbrrk84E34T7,v1.0,Annotation_v1,2022-11-02T03:36:31Z,2022-11-02T03:40:03Z,akaraw,Anjana_CK,akaraw++swan_genome_annotation.csv
MDc6UmVsZWFzZTQ5ODA0Mjc=,bovine_ecoli_mastitis,Bovine E. coli mastitis comparative genomics edition,2016-12-21T14:22:35Z,2016-12-21T14:35:44Z,aleimba,Andreas Leimbach,aleimba++bac-genomics-scripts.csv
RE_kwDOLZah0M4IoD9q,v0.0.1,update build,2024-03-02T22:20:48Z,2024-03-04T20:38:14Z,aosmanski,Austin B. Osmanski,aosmanski++Genome_Cookbook.csv
MDc6UmVsZWFzZTExNTUwMTky,v1.0,,2018-03-23T13:36:38Z,2018-06-19T14:40:30Z,batlabucd,,batlabucd++GenomeMining.csv
RE_kwDOB7QJcs4LJeTE,v0.4.4,v0.4.4,2024-11-22T18:50:53Z,2024-11-22T18:50:54Z,github-actions[bot],,BioJulia++GenomicAnnotations.jl.csv
RE_kwDOB7QJcs4LIMJc,v0.4.3,v0.4.3,2024-11-21T17:04:27Z,2024-11-21T17:04:28Z,github-actions[bot],,BioJulia++GenomicAnnotations.jl.csv
RE_kwDOB7QJcs4LBX2o,v0.4.2,v0.4.2,2024-11-12T15:14:07Z,2024-11-12T15:14:08Z,github-actions[bot],,BioJulia++GenomicAnnotations.jl.csv
RE_kwDOB7QJcs4LBFkL,v0.4.1,v0.4.1,2024-11-12T09:36:27Z,2024-11-12T09:36:28Z,github-actions[bot],,BioJulia++GenomicAnnotations.jl.csv
RE_kwDOB7QJcs4KwjK0,v0.4.0,v0.4.0,2024-10-17T16:41:13Z,2024-10-17T16:41:14Z,github-actions[bot],,BioJulia++GenomicAnnotations.jl.csv
RE_kwDOB7QJcs4JkNgJ,v0.3.8,v0.3.8,2024-06-14T12:57:13Z,2024-06-14T12:57:14Z,github-actions[bot],,BioJulia++GenomicAnnotations.jl.csv
RE_kwDOB7QJcs4IsTQF,v0.3.7,v0.3.7,2024-03-11T13:12:38Z,2024-03-11T13:12:39Z,github-actions[bot],,BioJulia++GenomicAnnotations.jl.csv
RE_kwDOB7QJcs4IIEp_,v0.3.6,v0.3.6,2024-01-09T14:02:59Z,2024-01-09T14:02:59Z,github-actions[bot],,BioJulia++GenomicAnnotations.jl.csv
RE_kwDOB7QJcs4IGCIf,v0.3.5,v0.3.5,2024-01-04T10:13:16Z,2024-01-04T10:13:17Z,github-actions[bot],,BioJulia++GenomicAnnotations.jl.csv
RE_kwDOB7QJcs4IFen8,v0.3.4,v0.3.4,2024-01-03T09:59:59Z,2024-01-03T09:59:59Z,github-actions[bot],,BioJulia++GenomicAnnotations.jl.csv
RE_kwDOB7QJcs4HQvg9,v0.3.3,v0.3.3,2023-09-20T08:44:18Z,2023-09-20T08:44:19Z,github-actions[bot],,BioJulia++GenomicAnnotations.jl.csv
RE_kwDOB7QJcs4DYY6C,v0.3.2,v0.3.2,2022-01-10T10:13:10Z,2022-01-10T10:13:11Z,github-actions[bot],,BioJulia++GenomicAnnotations.jl.csv
RE_kwDOB7QJcs4DTldX,v0.3.1,v0.3.1,2021-12-16T15:47:38Z,2021-12-16T15:47:39Z,github-actions[bot],,BioJulia++GenomicAnnotations.jl.csv
MDc6UmVsZWFzZTQ0MjY0NjEx,v0.3.0,v0.3.0,2021-06-08T09:44:36Z,2021-06-08T09:44:37Z,github-actions[bot],,BioJulia++GenomicAnnotations.jl.csv
MDc6UmVsZWFzZTQyMjQ5MjI5,v0.2.3,v0.2.3,2021-04-30T07:40:24Z,2021-04-30T07:40:24Z,github-actions[bot],,BioJulia++GenomicAnnotations.jl.csv
MDc6UmVsZWFzZTQwOTg1NTI5,v0.2.2,v0.2.2,2021-04-06T09:34:18Z,2021-04-06T09:34:18Z,github-actions[bot],,BioJulia++GenomicAnnotations.jl.csv
MDc6UmVsZWFzZTQwNTI3MjUx,v0.2.1,v0.2.1,2021-03-26T09:04:12Z,2021-03-26T09:04:13Z,github-actions[bot],,BioJulia++GenomicAnnotations.jl.csv
MDc6UmVsZWFzZTQwNTI3MjUw,v0.2.0,v0.2.0,2021-03-26T09:04:11Z,2021-03-26T09:04:11Z,github-actions[bot],,BioJulia++GenomicAnnotations.jl.csv
MDc6UmVsZWFzZTM0NDU2NDU2,v0.1.6,,2020-11-24T12:57:13Z,2020-11-26T10:30:49Z,kdyrhage,Karl Dyrhage,BioJulia++GenomicAnnotations.jl.csv
MDc6UmVsZWFzZTI5NDAzMDI0,v0.1.5,v0.1.5,2020-08-06T11:07:49Z,2020-08-06T11:07:49Z,github-actions[bot],,BioJulia++GenomicAnnotations.jl.csv
MDc6UmVsZWFzZTIyNDE0MjUx,v0.1.4,v0.1.4,2019-12-22T13:23:09Z,2019-12-22T13:23:12Z,julia-tagbot[bot],,BioJulia++GenomicAnnotations.jl.csv
MDc6UmVsZWFzZTE4NjQ0NDM1,v0.1.2,,2019-07-16T12:56:10Z,2019-07-16T13:03:21Z,kdyrhage,Karl Dyrhage,BioJulia++GenomicAnnotations.jl.csv
MDc6UmVsZWFzZTE1Njg5MDc4,v0.1.1,,2019-02-21T10:03:49Z,2019-02-21T10:04:39Z,kdyrhage,Karl Dyrhage,BioJulia++GenomicAnnotations.jl.csv
MDc6UmVsZWFzZTEzMjY5MDI5,v0.1.0,Initial release,2018-10-05T14:26:28Z,2018-10-05T14:30:28Z,kdyrhage,Karl Dyrhage,BioJulia++GenomicAnnotations.jl.csv
RE_kwDODMnPJc4FN5cO,v4.0,v4.0,2022-12-28T19:21:22Z,2022-12-29T15:10:45Z,cfarkas,cfarkas,cfarkas++annotate_my_genomes.csv
RE_kwDODMnPJc4EOFMf,v3.3,v3.3,2022-06-28T20:14:21Z,2022-06-28T20:18:33Z,cfarkas,cfarkas,cfarkas++annotate_my_genomes.csv
RE_kwDODMnPJc4ECbZu,v3.2,v3.2,2022-05-24T22:32:25Z,2022-05-24T22:37:49Z,cfarkas,cfarkas,cfarkas++annotate_my_genomes.csv
RE_kwDODMnPJc4ECbYU,v3.0,v3.0,2022-05-16T22:24:17Z,2022-05-24T22:35:34Z,cfarkas,cfarkas,cfarkas++annotate_my_genomes.csv
RE_kwDODMnPJc4Drpk7,v2.1,v2.1,2022-03-12T22:48:04Z,2022-03-14T15:22:29Z,cfarkas,cfarkas,cfarkas++annotate_my_genomes.csv
RE_kwDODMnPJc4DRCxL,v2.0,,2021-12-06T14:07:56Z,2021-12-07T14:39:20Z,cfarkas,cfarkas,cfarkas++annotate_my_genomes.csv
MDc6UmVsZWFzZTQ2MjY3MzIx,v1.0.3,v1.0.3,2021-06-22T06:10:05Z,2021-07-15T15:56:19Z,cfarkas,cfarkas,cfarkas++annotate_my_genomes.csv
MDc6UmVsZWFzZTM5Mzg5NTI2,1.0.2,v1.0.2,2021-03-07T03:59:35Z,2021-03-07T04:04:35Z,cfarkas,cfarkas,cfarkas++annotate_my_genomes.csv
MDc6UmVsZWFzZTM5MjM0MzEx,1.0.1,v1.0.1,2021-03-03T22:50:00Z,2021-03-03T22:57:26Z,cfarkas,cfarkas,cfarkas++annotate_my_genomes.csv
MDc6UmVsZWFzZTM5MjM0MjE5,1.0,v1.0,2021-03-03T19:44:19Z,2021-03-03T22:55:12Z,cfarkas,cfarkas,cfarkas++annotate_my_genomes.csv
RE_kwDOHKuERc4FSrAQ,V.1,MRA Release,2023-01-12T18:56:28Z,2023-01-12T20:39:19Z,tania-k,Tania Kurbessoian,Citrus-HLB-Micro++Genome_Fungal_Culture.csv
RE_kwDOD94Zvc4F7azJ,v0.3,GAP v0.3,2023-03-13T15:39:06Z,2023-04-13T21:06:44Z,conchoecia,darrin t schultz,conchoecia++genome_assembly_pipelines.csv
RE_kwDOLctQ6c4K9796,v6.0.3,v6.0.3,2024-11-06T19:21:09Z,2024-11-06T19:21:19Z,release-please[bot],,deepgenomics++GenomeKit.csv
RE_kwDOLctQ6c4K9FFd,v6.0.2,v6.0.2,2024-11-05T18:04:04Z,2024-11-05T18:04:12Z,release-please[bot],,deepgenomics++GenomeKit.csv
RE_kwDOLctQ6c4K703a,v6.0.1,v6.0.1,2024-11-04T20:12:53Z,2024-11-04T20:13:00Z,release-please[bot],,deepgenomics++GenomeKit.csv
RE_kwDOLctQ6c4Kdcdr,v6.0.0,v6.0.0,2024-09-17T15:41:24Z,2024-09-17T15:41:32Z,release-please[bot],,deepgenomics++GenomeKit.csv
RE_kwDOLctQ6c4KQyoD,v5.2.5,v5.2.5,2024-08-27T15:07:22Z,2024-08-27T15:07:29Z,release-please[bot],,deepgenomics++GenomeKit.csv
RE_kwDOLctQ6c4KOYcJ,v5.2.4,v5.2.4,2024-08-22T19:13:11Z,2024-08-22T19:13:16Z,release-please[bot],,deepgenomics++GenomeKit.csv
RE_kwDOLctQ6c4KKrWG,v5.2.3,v5.2.3,2024-08-16T15:48:59Z,2024-08-16T15:49:06Z,release-please[bot],,deepgenomics++GenomeKit.csv
RE_kwDOLctQ6c4KIuQ2,v5.2.2,v5.2.2,2024-08-13T21:02:11Z,2024-08-13T21:02:17Z,release-please[bot],,deepgenomics++GenomeKit.csv
RE_kwDOLctQ6c4KH9fT,v5.2.1,v5.2.1,2024-08-12T21:38:44Z,2024-08-12T21:38:49Z,release-please[bot],,deepgenomics++GenomeKit.csv
RE_kwDOLctQ6c4KCF3i,v5.2.0,v5.2.0,2024-08-01T20:10:39Z,2024-08-01T20:10:45Z,release-please[bot],,deepgenomics++GenomeKit.csv
RE_kwDOLctQ6c4JpDh_,v5.1.1,v5.1.1,2024-06-22T01:20:45Z,2024-06-22T01:20:52Z,release-please[bot],,deepgenomics++GenomeKit.csv
RE_kwDOLctQ6c4JjstX,v5.1.0,v5.1.0,2024-06-13T18:03:04Z,2024-06-13T18:03:11Z,release-please[bot],,deepgenomics++GenomeKit.csv
RE_kwDOLctQ6c4JPKpB,v5.0.2,v5.0.2,2024-05-09T15:59:30Z,2024-05-09T15:59:37Z,release-please[bot],,deepgenomics++GenomeKit.csv
RE_kwDOLctQ6c4I9U6q,v5.0.1,v5.0.1,2024-04-08T21:18:33Z,2024-04-08T21:18:38Z,release-please[bot],,deepgenomics++GenomeKit.csv
RE_kwDOLctQ6c4I7r2p,v5.0.0,v5.0.0,2024-04-04T23:57:15Z,2024-04-04T23:57:20Z,release-please[bot],,deepgenomics++GenomeKit.csv
RE_kwDOLctQ6c4I2zjz,v4.3.0,v4.3.0,2024-03-27T00:58:25Z,2024-03-27T00:58:29Z,release-please[bot],,deepgenomics++GenomeKit.csv
RE_kwDOLctQ6c4IvaCX,v4.2.1,v4.2.1,2024-03-14T18:16:43Z,2024-03-14T18:16:48Z,release-please[bot],,deepgenomics++GenomeKit.csv
RE_kwDOLctQ6c4IvYUC,v4.2.0,v4.2.0,2024-03-14T17:45:00Z,2024-03-14T17:45:05Z,release-please[bot],,deepgenomics++GenomeKit.csv
RE_kwDOLctQ6c4IvWml,v4.1.8,v4.1.8,2024-03-14T17:01:32Z,2024-03-14T17:01:38Z,release-please[bot],,deepgenomics++GenomeKit.csv
RE_kwDOLctQ6c4ItmzN,v4.1.7,v4.1.7,2024-03-13T01:26:07Z,2024-03-13T01:26:12Z,release-please[bot],,deepgenomics++GenomeKit.csv
RE_kwDOLctQ6c4Itmnw,v4.1.6,v4.1.6,2024-03-13T01:12:47Z,2024-03-13T01:13:20Z,release-please[bot],,deepgenomics++GenomeKit.csv
RE_kwDOLctQ6c4Isv25,v4.1.5,v4.1.5,2024-03-12T00:36:09Z,2024-03-12T00:36:13Z,release-please[bot],,deepgenomics++GenomeKit.csv
RE_kwDOLctQ6c4IsvIy,v4.1.4,v4.1.4,2024-03-11T23:52:08Z,2024-03-11T23:52:12Z,release-please[bot],,deepgenomics++GenomeKit.csv
RE_kwDOLctQ6c4IstX1,v4.1.3,v4.1.3,2024-03-11T22:30:21Z,2024-03-11T22:30:26Z,release-please[bot],,deepgenomics++GenomeKit.csv
RE_kwDOLctQ6c4Isrh1,v4.1.2,v4.1.2,2024-03-11T21:12:36Z,2024-03-11T21:12:42Z,release-please[bot],,deepgenomics++GenomeKit.csv
RE_kwDOLctQ6c4IspVZ,v4.1.1,v4.1.1,2024-03-11T20:09:49Z,2024-03-11T20:09:53Z,release-please[bot],,deepgenomics++GenomeKit.csv
RE_kwDOLctQ6c4Ipucp,v4.1.0,v4.1.0,2024-03-06T22:31:35Z,2024-03-06T22:31:39Z,release-please[bot],,deepgenomics++GenomeKit.csv
RE_kwDOKytYcs4H_L-f,v0.1,,2023-12-14T20:20:19Z,2023-12-14T20:20:21Z,genepattern-build,,genepattern++tfsites.IntegrateGenomeAnnotations.csv
RE_kwDOA8bm_84KtJIB,v1.0.6,v1.0.6,2024-10-11T21:06:26Z,2024-10-11T21:42:35Z,leexgh,Xiang Li,genome-nexus++genome-nexus-annotation-pipeline.csv
RE_kwDOA8bm_84J0vCz,v1.0.5,v1.0.5,2024-07-09T18:13:18Z,2024-07-10T14:42:47Z,hweej,Jason Hwee,genome-nexus++genome-nexus-annotation-pipeline.csv
RE_kwDOA8bm_84JNLgy,v1.0.4,v1.0.4,2024-04-30T19:03:32Z,2024-05-06T18:14:39Z,leexgh,Xiang Li,genome-nexus++genome-nexus-annotation-pipeline.csv
RE_kwDOA8bm_84HTSxn,v1.0.3,v1.0.3,2023-09-25T14:28:37Z,2023-09-25T18:53:08Z,leexgh,Xiang Li,genome-nexus++genome-nexus-annotation-pipeline.csv
RE_kwDOA8bm_84HLAYJ,v1.0.2,v1.0.2,2023-09-07T17:55:11Z,2023-09-07T17:56:14Z,inodb,Ino de Bruijn,genome-nexus++genome-nexus-annotation-pipeline.csv
RE_kwDOA8bm_84HKZ4Q,v1.0.1,v1.0.1,2023-09-06T18:09:23Z,2023-09-06T18:12:47Z,inodb,Ino de Bruijn,genome-nexus++genome-nexus-annotation-pipeline.csv
RE_kwDOA8bm_84G6VqS,v1.0.0,v1.0.0,2023-08-08T21:43:24Z,2023-08-10T16:04:00Z,inodb,Ino de Bruijn,genome-nexus++genome-nexus-annotation-pipeline.csv
RE_kwDOAKqP_M4Hh6SM,v1.6.5,v1.6.5,2023-10-23T20:56:42Z,2023-10-23T21:25:19Z,github-actions[bot],,genometools++genometools.csv
RE_kwDOAKqP_M4HZvTe,v1.6.4,v1.6.4,2023-10-08T18:00:56Z,2023-10-08T19:44:20Z,github-actions[bot],,genometools++genometools.csv
RE_kwDOAKqP_M4HQg7J,v1.6.3,v1.6.3,2023-09-19T19:52:03Z,2023-09-19T21:16:36Z,github-actions[bot],,genometools++genometools.csv
MDc6UmVsZWFzZTQwNzE2Nzg3,v1.0,After peer review 1,2021-03-30T18:57:37Z,2021-03-30T19:00:12Z,guillemylla,Guillem Ylla,guillemylla++Crickets_Genome_Annotation.csv
RE_kwDOM4JrRM4KlCLp,0.1,0.1,2024-09-29T16:46:42Z,2024-09-29T17:12:18Z,brainchalov,Alexander Brechalov,hackbio-ca++functional-annotation-genomic-proteomic-data.csv
MDc6UmVsZWFzZTEyOTQ3ODM=,v1.0.0,genome-annotation-and-comparison tools Version 1.0.0,2015-03-02T16:23:59Z,2015-05-14T03:13:56Z,kstatebioinfo,Nic Herdon,i5K-KINBRE-script-share++genome-annotation-and-comparison.csv
RE_kwDOMLauwM4K2B8L,v1.1.7,1.1.7,2024-10-25T13:02:21Z,2024-10-25T13:03:23Z,iwc-workflows-bot,,iwc-workflows++bacterial_genome_annotation.csv
RE_kwDOMLauwM4Ks9H-,v1.1.6,1.1.6,2024-10-11T15:03:53Z,2024-10-11T15:04:55Z,iwc-workflows-bot,,iwc-workflows++bacterial_genome_annotation.csv
RE_kwDOMLauwM4KnM9i,v1.1.5,1.1.5,2024-10-02T16:13:21Z,2024-10-02T16:14:23Z,iwc-workflows-bot,,iwc-workflows++bacterial_genome_annotation.csv
RE_kwDOMLauwM4Kexqx,v1.1.4,1.1.4,2024-09-19T09:09:32Z,2024-09-19T09:10:34Z,iwc-workflows-bot,,iwc-workflows++bacterial_genome_annotation.csv
RE_kwDOMLauwM4KYCr7,v1.1.3,1.1.3,2024-09-09T08:17:11Z,2024-09-09T08:18:12Z,iwc-workflows-bot,,iwc-workflows++bacterial_genome_annotation.csv
RE_kwDOMLauwM4J6XIj,v1.1.2,1.1.2,2024-07-19T19:43:41Z,2024-07-19T19:44:42Z,iwc-workflows-bot,,iwc-workflows++bacterial_genome_annotation.csv
RE_kwDOMLauwM4J02yT,v1.1.1,1.1.1,2024-07-10T17:38:57Z,2024-07-10T17:39:59Z,iwc-workflows-bot,,iwc-workflows++bacterial_genome_annotation.csv
RE_kwDOMLauwM4JqKr3,v1.1,1.1,2024-06-24T12:34:19Z,2024-06-24T12:35:21Z,iwc-workflows-bot,,iwc-workflows++bacterial_genome_annotation.csv
RE_kwDOMLauwM4JnLkq,v1.0,1.0,2024-06-19T11:30:01Z,2024-06-19T11:31:03Z,iwc-workflows-bot,,iwc-workflows++bacterial_genome_annotation.csv
RE_kwDOLJrsrc4ITztU,v1,,2024-01-31T23:02:19Z,2024-01-31T23:06:45Z,jrotzetter,,jrotzetter++genome-assembly-annotation.csv
RE_kwDOIq5jdc4Gjpq0,v2.0.0,v2.0.0,2023-06-26T12:47:20Z,2023-06-27T07:05:45Z,KerenRozen,,KerenRozen++genomic_annotations.csv
RE_kwDOIq5jdc4GRk2B,v1.5.0,v1.5.0,2023-05-29T18:14:34Z,2023-05-29T18:16:09Z,KerenRozen,,KerenRozen++genomic_annotations.csv
RE_kwDOIq5jdc4GMn3F,v1.4.2,v1.4.2,2023-05-23T15:23:20Z,2023-05-23T15:24:03Z,KerenRozen,,KerenRozen++genomic_annotations.csv
RE_kwDOIq5jdc4GMhv6,v1.4.1,v1.4.1,2023-05-23T12:43:38Z,2023-05-23T12:50:18Z,KerenRozen,,KerenRozen++genomic_annotations.csv
RE_kwDOIq5jdc4GMhRe,v1.4.0,v1.4.0,2023-05-23T12:35:23Z,2023-05-23T12:36:07Z,KerenRozen,,KerenRozen++genomic_annotations.csv
RE_kwDOIq5jdc4GLq8Q,v1.3.1,v1.3.1,2023-05-21T10:11:46Z,2023-05-21T10:12:44Z,KerenRozen,,KerenRozen++genomic_annotations.csv
RE_kwDOIq5jdc4GLqkG,v1.3.0,v1.3.0,2023-05-21T09:51:46Z,2023-05-21T09:53:51Z,KerenRozen,,KerenRozen++genomic_annotations.csv
RE_kwDOIq5jdc4GIrvi,v1.2.0,v1.2.0,2023-05-15T07:22:47Z,2023-05-15T07:23:31Z,KerenRozen,,KerenRozen++genomic_annotations.csv
RE_kwDOIq5jdc4GIrlZ,v1.1.0,v1.1.0,2023-05-15T07:14:35Z,2023-05-15T07:16:05Z,KerenRozen,,KerenRozen++genomic_annotations.csv
RE_kwDOIq5jdc4GIhFo,annotation_project,v1.0.0,2023-05-12T14:09:12Z,2023-05-14T09:25:23Z,KerenRozen,,KerenRozen++genomic_annotations.csv
RE_kwDOKl7w4M4Kmjov,0.4.7,v0.4.7,2024-10-01T19:33:14Z,2024-10-01T19:41:35Z,dmacguigan,Dan MacGuigan,KrabbenhoftLab++genome_annotation_pipeline.csv
RE_kwDOKl7w4M4KOTGX,0.4.6,v0.4.6,2024-08-22T17:01:43Z,2024-08-22T17:02:25Z,dmacguigan,Dan MacGuigan,KrabbenhoftLab++genome_annotation_pipeline.csv
RE_kwDOKl7w4M4KMmY6,0.4.5,v0.4.5,2024-08-19T16:06:14Z,2024-08-20T13:38:41Z,dmacguigan,Dan MacGuigan,KrabbenhoftLab++genome_annotation_pipeline.csv
RE_kwDOKl7w4M4J1not,0.4.4,v0.4.4,2024-07-11T17:20:52Z,2024-07-11T17:22:15Z,dmacguigan,Dan MacGuigan,KrabbenhoftLab++genome_annotation_pipeline.csv
RE_kwDOKl7w4M4Iw7wz,0.4.3,v0.4.3,2024-03-18T14:07:03Z,2024-03-18T14:09:13Z,dmacguigan,Dan MacGuigan,KrabbenhoftLab++genome_annotation_pipeline.csv
RE_kwDOKl7w4M4IeaSz,0.4.2,v0.4.2,2024-02-15T16:23:40Z,2024-02-15T16:30:43Z,dmacguigan,Dan MacGuigan,KrabbenhoftLab++genome_annotation_pipeline.csv
RE_kwDOKl7w4M4IUXXC,0.4.1,v0.4.1,2024-02-01T18:16:29Z,2024-02-01T18:17:54Z,dmacguigan,Dan MacGuigan,KrabbenhoftLab++genome_annotation_pipeline.csv
RE_kwDOKl7w4M4IUSom,0.4.0,v0.4.0,2024-02-01T16:14:14Z,2024-02-01T16:15:06Z,dmacguigan,Dan MacGuigan,KrabbenhoftLab++genome_annotation_pipeline.csv
RE_kwDOEuWqDs4Dnnb_,v1.0.0,v1.0.0,2022-03-01T15:48:15Z,2022-03-01T15:53:36Z,LorenaDerezanin,Lorena Derežanin,LorenaDerezanin++Tayra_Genome_Project.csv
RE_kwDOGiKZOM4EfP7_,v1.0.0, Function annotation of MTB genome,2022-08-25T02:49:20Z,2022-08-25T03:35:02Z,LuShuYangMing,,LuShuYangMing++Function_annotation_of_MTB_Genome.csv
RE_kwDOJ29kds4IjvAA,refgenomes,Chromosome-level genome of Gordionus montsenyensis added to the repository,2023-12-21T15:47:27Z,2024-02-26T09:10:51Z,MetazoaPhylogenomicsLab,MetazoaPhylogenomicsLab@IBE,MetazoaPhylogenomicsLab++ChromosomeLevelGenomes.csv
RE_kwDOG5UF8s4DmvRW,v1,All data,2022-02-24T19:19:32Z,2022-02-25T14:15:38Z,cmfield,Chris Field,MicrobiologyETHZ++vogt_fungal_genomes_2022.csv
RE_kwDOMKpGc84Jl_uG,v1.0.0,Acropora palmata and A. cervicornis resource release v1.0.0,2024-06-17T22:16:38Z,2024-06-17T22:20:40Z,mistergroot,Nicolas Locatelli,mistergroot++apal_acer_genomes.csv
RE_kwDOMbKEPc4KJcuu,v1.0.1,"Colpophyllia natans, Dendrogyra cylindrus, and Siderastrea siderea resource release v1.0.1",2024-08-14T19:56:53Z,2024-08-14T19:58:12Z,mistergroot,Nicolas Locatelli,mistergroot++cnat_dcyl_ssid_genomes.csv
RE_kwDOMbKEPc4KJYcN,v1.0.0,"Colpophyllia natans, Dendrogyra cylindrus, and Siderastrea siderea resource release v1.0.0",2024-08-14T17:48:45Z,2024-08-14T18:00:49Z,mistergroot,Nicolas Locatelli,mistergroot++cnat_dcyl_ssid_genomes.csv
RE_kwDOIF-Gkc4EvbYc,v1.1,The modified version of the tutorial,2022-10-11T09:36:11Z,2022-10-11T14:27:12Z,niWdooG,Evgenii,niWdooG++Genome_Assembly_Long_Reads_Hi-C.csv
RE_kwDOIF-Gkc4ErwkO,v1.0,The initial version of the tutorial,2022-09-29T13:26:59Z,2022-09-29T14:03:03Z,niWdooG,Evgenii,niWdooG++Genome_Assembly_Long_Reads_Hi-C.csv
MDc6UmVsZWFzZTE2MjExMTY=,v0.0.3,AnnotateUsingGenomicInfo-0.0.3,2015-08-03T13:45:03Z,2015-08-03T13:47:54Z,njdbickhart,Derek Bickhart,njdbickhart++AnnotateUsingGenomicInfo.csv
MDc6UmVsZWFzZTk2NDk3Mg==,0.0.1,AnnotateUsingGenomicInfo-0.0.1,2015-02-18T19:14:46Z,2015-02-18T19:17:26Z,njdbickhart,Derek Bickhart,njdbickhart++AnnotateUsingGenomicInfo.csv
RE_kwDOLlm3aM4JAaLc,V1,Malabar_grouper_genome_V1,2024-04-15T04:37:27Z,2024-04-15T04:40:49Z,R-Huerlimann,,R-Huerlimann++Malabar_grouper_genome.csv
MDc6UmVsZWFzZTM3NzUyMDM4,v.01, BacGenomePipeline,2021-02-08T16:55:52Z,2021-02-08T16:58:48Z,StephenFordham,Stephen Fordham,StephenFordham++BacGenomePipeline.csv
RE_kwDOHY0ydc4GTCNn,v0.1.0,v0.1.0,2022-08-19T12:54:43Z,2023-06-01T09:46:20Z,sylvainschmitt,Sylvain SCHMITT,sylvainschmitt++genomeAnnotation.csv
RE_kwDOKtyI3c4LCcJJ,3.9.2,3.9.2,2024-11-13T13:49:05Z,2024-11-13T14:00:09Z,tdayris,tdayris,tdayris++fair_genome_indexer.csv
RE_kwDOKtyI3c4Km-7P,3.9.0,3.9.0,2024-10-02T11:57:12Z,2024-10-02T12:49:53Z,tdayris,tdayris,tdayris++fair_genome_indexer.csv
RE_kwDOKtyI3c4J2snp,3.8.1,3.8.1,2024-07-14T04:33:57Z,2024-07-14T04:34:18Z,tdayris,tdayris,tdayris++fair_genome_indexer.csv
RE_kwDOKtyI3c4Jz-jn,3.8.0,3.8.0,2024-07-09T13:34:08Z,2024-07-09T14:00:09Z,tdayris,tdayris,tdayris++fair_genome_indexer.csv
RE_kwDOKtyI3c4Jzx-x,3.7.0,3.7.0,2024-07-09T08:51:09Z,2024-07-09T09:06:21Z,tdayris,tdayris,tdayris++fair_genome_indexer.csv
RE_kwDOKtyI3c4JhF_l,3.6.2,3.6.2,2024-06-10T13:13:26Z,2024-06-10T13:25:46Z,tdayris,tdayris,tdayris++fair_genome_indexer.csv
RE_kwDOKtyI3c4Jg9hC,3.6.1,3.6.1,2024-06-10T09:53:59Z,2024-06-10T10:02:04Z,tdayris,tdayris,tdayris++fair_genome_indexer.csv
RE_kwDOKtyI3c4JgBgX,3.6.0,3.6.0,2024-06-07T14:05:13Z,2024-06-07T14:24:42Z,tdayris,tdayris,tdayris++fair_genome_indexer.csv
RE_kwDOKtyI3c4JcBoF,3.5.0,3.5.0,2024-05-22T14:35:38Z,2024-05-31T12:59:38Z,tdayris,tdayris,tdayris++fair_genome_indexer.csv
RE_kwDOKtyI3c4I6aXb,3.4.4,3.4.4,2024-04-03T06:44:54Z,2024-04-03T07:36:46Z,tdayris,tdayris,tdayris++fair_genome_indexer.csv
RE_kwDOKtyI3c4I59cE,3.4.3,3.4.3,2024-04-02T14:31:40Z,2024-04-02T14:41:29Z,tdayris,tdayris,tdayris++fair_genome_indexer.csv
RE_kwDOKtyI3c4I4hn0,3.4.2,3.4.2,2024-03-29T15:35:52Z,2024-03-29T15:47:20Z,tdayris,tdayris,tdayris++fair_genome_indexer.csv
RE_kwDOKtyI3c4I4Zm5,3.4.0,3.4.0,2024-03-29T09:17:31Z,2024-03-29T09:54:23Z,tdayris,tdayris,tdayris++fair_genome_indexer.csv
RE_kwDOKtyI3c4I3JGG,3.3.1,3.3.1,2024-03-27T12:55:03Z,2024-03-27T13:17:53Z,tdayris,tdayris,tdayris++fair_genome_indexer.csv
RE_kwDOKtyI3c4Ix334,3.3.0,3.3.0,2024-03-19T17:48:38Z,2024-03-19T18:00:23Z,tdayris,tdayris,tdayris++fair_genome_indexer.csv
RE_kwDOKtyI3c4IooqZ,3.2.2,3.2.2,2024-03-05T09:03:45Z,2024-03-05T13:54:08Z,tdayris,tdayris,tdayris++fair_genome_indexer.csv
RE_kwDOKtyI3c4InpNn,3.2.0,3.2.0,2024-03-04T10:06:22Z,2024-03-04T10:13:44Z,tdayris,tdayris,tdayris++fair_genome_indexer.csv
RE_kwDOKtyI3c4Ie9_4,3.1.4,3.1.4,2024-02-16T14:12:57Z,2024-02-16T14:30:34Z,tdayris,tdayris,tdayris++fair_genome_indexer.csv
RE_kwDOKtyI3c4IXYsQ,3.1.2,3.1.2,2024-02-07T15:01:27Z,2024-02-07T15:14:29Z,tdayris,tdayris,tdayris++fair_genome_indexer.csv
RE_kwDOKtyI3c4IXC4l,3.1.1,3.1.1,2024-02-07T09:27:10Z,2024-02-07T09:38:48Z,tdayris,tdayris,tdayris++fair_genome_indexer.csv
RE_kwDOKtyI3c4IXBy4,3.1.0,3.1.0,2024-02-07T09:05:41Z,2024-02-07T09:07:01Z,tdayris,tdayris,tdayris++fair_genome_indexer.csv
RE_kwDOKtyI3c4IPjAL,3.0.0,3.0.0,2024-01-24T08:58:29Z,2024-01-24T09:20:41Z,tdayris,tdayris,tdayris++fair_genome_indexer.csv
RE_kwDOKtyI3c4IIBdM,2.3.2,2.3.2,2024-01-09T10:55:23Z,2024-01-09T12:11:47Z,tdayris,tdayris,tdayris++fair_genome_indexer.csv
RE_kwDOKtyI3c4IAf9N,2.3.1,2.3.1,2023-12-18T15:53:54Z,2023-12-18T16:11:02Z,tdayris,tdayris,tdayris++fair_genome_indexer.csv
RE_kwDOKtyI3c4H56Nn,2.3.0,2.3.0,2023-12-05T07:58:26Z,2023-12-05T08:05:17Z,tdayris,tdayris,tdayris++fair_genome_indexer.csv
RE_kwDOKtyI3c4H1tTc,2.2.0,2.2.0,2023-11-27T09:40:46Z,2023-11-27T09:41:25Z,tdayris,tdayris,tdayris++fair_genome_indexer.csv
RE_kwDOKtyI3c4Hzwr_,2.1.0,2.1.0,2023-11-22T14:46:08Z,2023-11-22T14:46:59Z,tdayris,tdayris,tdayris++fair_genome_indexer.csv
RE_kwDOKtyI3c4HyhZ9,2.0.2,2.0.2,2023-11-21T15:24:57Z,2023-11-21T15:30:20Z,tdayris,tdayris,tdayris++fair_genome_indexer.csv
RE_kwDOKtyI3c4HyaIC,2.0.1,2.0.1,2023-11-21T12:33:55Z,2023-11-21T12:41:56Z,tdayris,tdayris,tdayris++fair_genome_indexer.csv
RE_kwDOKtyI3c4Hxdpy,2.0.0,2.0.0,2023-11-20T15:30:10Z,2023-11-20T15:31:41Z,tdayris,tdayris,tdayris++fair_genome_indexer.csv
RE_kwDOKtyI3c4HvBmM,1.0.0,1.0.0,2023-11-16T14:55:36Z,2023-11-16T15:23:24Z,tdayris,tdayris,tdayris++fair_genome_indexer.csv
RE_kwDOIHsiCM4FAzFa,v1.0.1,publication with license,2022-11-24T12:37:25Z,2022-11-24T12:38:21Z,ulido,Ulrich Dobramysl,Wheeler-Lab++genome-lmexcas9t7.csv
RE_kwDOIHsiCM4EsynU,v1.0.0,publication,2022-10-03T14:00:34Z,2022-10-03T14:08:16Z,ulido,Ulrich Dobramysl,Wheeler-Lab++genome-lmexcas9t7.csv
RE_kwDOMjEvCc4LHjzG,v1.0,Prakash&Wang_2024,2024-10-20T15:28:58Z,2024-11-21T00:23:28Z,YanWangTF,Yan Wang,YanWangTF++Smittium_minutisporum_GenomeAnnotation.csv
MDc6UmVsZWFzZTQwMzg5Mjg0,1.0,Water Flea Reference-Guided Assembly and Assessment,2021-03-25T02:22:16Z,2021-03-25T02:29:22Z,adc0032,Amanda Clark,adc0032++dpulicaria_genomics.csv
MDc6UmVsZWFzZTgxNzU2MTM3,v1.0,Black_swan_assembly_pipeline,2021-05-31T13:58:17Z,2022-11-02T03:29:13Z,akaraw,Anjana_CK,akaraw++Black_swan_genome_assembly.csv
RE_kwDOJ1sLzs4HnmTu,v.0.3-beta,v0.3-beta,2023-11-02T15:53:27Z,2023-11-03T08:49:05Z,alexvasilikop,Alexandros Vasilikopoulos,alexvasilikop++ChromGenomePlot.csv
RE_kwDOJ1sLzs4HVFQs,v.0.2-beta,,2023-09-28T13:39:10Z,2023-09-28T13:44:29Z,alexvasilikop,Alexandros Vasilikopoulos,alexvasilikop++ChromGenomePlot.csv
RE_kwDOJ1sLzs4HThF_,v.0.1-beta,,2023-09-22T08:05:41Z,2023-09-26T07:10:47Z,alexvasilikop,Alexandros Vasilikopoulos,alexvasilikop++ChromGenomePlot.csv
MDc6UmVsZWFzZTQxNjA2NzI4,1,de novo genome assembly of Leptodactylus fuscus,2021-04-18T14:26:35Z,2021-04-18T14:38:35Z,ling-lyang,"Lu ""Ling"" Yang",AndolfattoLab++Leptodactylus-fuscus-genome.csv
RE_kwDOJlEgxM4IwfnQ,v1.0.0,A complete set of scripts,2023-12-08T17:35:52Z,2024-03-17T13:58:06Z,andreaswallberg,Andreas Wallberg,andreaswallberg++Ecological-Genomics-Northern-Krill.csv
RE_kwDOLZah0M4IoD9q,v0.0.1,update build,2024-03-02T22:20:48Z,2024-03-04T20:38:14Z,aosmanski,Austin B. Osmanski,aosmanski++Genome_Cookbook.csv
RE_kwDOMC9ueM4Jcerh,v1,,2024-06-01T14:50:20Z,2024-06-01T15:04:31Z,asadprodhan,Asad Prodhan,asadprodhan++Dorado-basecalled-reads-improve-old-bacterial-genome-assembly.csv
RE_kwDOG50lGc4Ik5lS,v1.0.3,v1.0.3,2024-02-27T22:16:22Z,2024-02-27T22:20:42Z,AstrobioMike,Mike Lee,AstrobioMike++genome-assembly-summary.csv
RE_kwDOIYq0o84KEMEt,v2.0.5,v2.0.5,2024-04-19T00:36:56Z,2024-08-06T09:57:10Z,AnnaSyme,Anna Syme,AustralianBioCommons++Genome-assessment-post-assembly.csv
RE_kwDOIYq0o84JDPj1,v2.0.4,v2.0.4,2024-04-19T00:36:56Z,2024-04-19T00:42:13Z,AnnaSyme,Anna Syme,AustralianBioCommons++Genome-assessment-post-assembly.csv
RE_kwDOIYq0o84JB3Hu,v2.0.3,v2.0.3,2024-04-17T04:09:31Z,2024-04-17T04:37:39Z,AnnaSyme,Anna Syme,AustralianBioCommons++Genome-assessment-post-assembly.csv
RE_kwDOIYq0o84Iuqex,v2.0.2,v2.0.2,2024-03-13T23:25:19Z,2024-03-13T23:32:22Z,supernord,Johan Gustafsson,AustralianBioCommons++Genome-assessment-post-assembly.csv
RE_kwDOIYq0o84IpFYj,v2.0.1,v2.0.1,2024-03-05T00:24:45Z,2024-03-06T05:13:30Z,AnnaSyme,Anna Syme,AustralianBioCommons++Genome-assessment-post-assembly.csv
RE_kwDOIYq0o84IhJNo,v2.0.0,v2.0.0,2023-11-23T06:34:40Z,2024-02-21T06:05:38Z,AnnaSyme,Anna Syme,AustralianBioCommons++Genome-assessment-post-assembly.csv
RE_kwDOIYq0o84GGKtM,v1.1.0,v1.1.0,2023-05-09T00:54:29Z,2023-05-09T00:57:28Z,supernord,Johan Gustafsson,AustralianBioCommons++Genome-assessment-post-assembly.csv
RE_kwDOIYq0o84E5rh_,v1.0.0,v1.0.0,2022-11-07T07:05:14Z,2022-11-07T07:06:50Z,supernord,Johan Gustafsson,AustralianBioCommons++Genome-assessment-post-assembly.csv
RE_kwDOIBV2D84EzSq6,v2.1.0,v2.1.0,2022-10-21T05:08:02Z,2022-10-21T05:09:36Z,supernord,Johan Gustafsson,AustralianBioCommons++PacBio-HiFi-genome-assembly-using-hifiasm.csv
RE_kwDOIBV2D84EoCUF,v2.0.0,v2.0.0,2022-09-20T00:52:20Z,2022-09-20T00:54:50Z,supernord,Johan Gustafsson,AustralianBioCommons++PacBio-HiFi-genome-assembly-using-hifiasm.csv
RE_kwDOIBV2D84EoCHx,v1.0.0,v1.0.0,2022-09-19T00:36:01Z,2022-09-20T00:33:35Z,supernord,Johan Gustafsson,AustralianBioCommons++PacBio-HiFi-genome-assembly-using-hifiasm.csv
MDc6UmVsZWFzZTE1ODQwMjk4,v1.0,A guide to transcriptome assembly,2018-02-23T18:56:06Z,2019-02-28T17:53:12Z,bethsheets,,bethsheets++Population-Genomics-via-RNAseq.csv
RE_kwDOFWzoxM4ILCIK,2023,2023,2023-05-02T09:32:07Z,2024-01-15T19:19:04Z,jonbra,Jon Bråte,BIOS3010++Module-11-Genome-Assembly.csv
RE_kwDOG-BpFc4KGM5z,v1.0.0,Kellet's whelk Genome and Transcriptome assembly and analysis,2023-12-13T18:32:55Z,2024-08-08T19:31:04Z,bndaniel,Ben Daniels,bndaniel++Kellets-whelk-genome-assembly.csv
RE_kwDOJS9P784GkC1K,v0.1,v0.1 release for DOI generation,2023-05-28T07:40:08Z,2023-06-27T19:07:30Z,bpucker,Boas Pucker,bpucker++GenomeAssembly.csv
MDc6UmVsZWFzZTMyMTgxNjc4,v1.0.0,"A first draft genome of the sugarcane borer, Diatraea saccharalis",2020-10-05T18:29:51Z,2020-10-05T18:40:29Z,bslucas98,Lucas Borges dos Santos,bslucas98++Dsaccharalis_genomeassembly.csv
RE_kwDOMnYPvc4KlFNh,initial,v1.0.0,2024-09-29T23:10:34Z,2024-09-29T23:13:53Z,c-thoben,,c-thoben++CassavaGenomicsProject.csv
RE_kwDOHKuERc4FSrAQ,V.1,MRA Release,2023-01-12T18:56:28Z,2023-01-12T20:39:19Z,tania-k,Tania Kurbessoian,Citrus-HLB-Micro++Genome_Fungal_Culture.csv
RE_kwDOD94Zvc4F7azJ,v0.3,GAP v0.3,2023-03-13T15:39:06Z,2023-04-13T21:06:44Z,conchoecia,darrin t schultz,conchoecia++genome_assembly_pipelines.csv
RE_kwDOIaU67s4KjQ3E,v1.4.1-ptyp,Prototype release for Verkko v1.4.1 runs (preprint status),2024-09-26T09:01:40Z,2024-09-26T09:03:54Z,ptrebert,Peter Ebert,core-unit-bioinformatics++workflow-smk-genome-hybrid-assembly.csv
RE_kwDOIaU67s4FsaMb,v1.2.0-ptyp,Prototype release for Verkko v1.2 runs,2023-03-14T10:37:39Z,2023-03-14T10:39:11Z,ptrebert,Peter Ebert,core-unit-bioinformatics++workflow-smk-genome-hybrid-assembly.csv
MDc6UmVsZWFzZTI2NDgyMTQy,3.0,v3.0,2020-05-13T19:18:49Z,2020-05-13T19:20:52Z,johnsolk,Lisa K. Johnson,dib-lab++ONT_Illumina_genome_assembly.csv
MDc6UmVsZWFzZTI0NDUwNzY0,2,v2.0,2020-03-12T04:42:22Z,2020-03-12T04:43:57Z,johnsolk,Lisa K. Johnson,dib-lab++ONT_Illumina_genome_assembly.csv
MDc6UmVsZWFzZTIwNzQ5MDYy,v1.0.1,v1.0.1,2019-06-28T05:00:18Z,2019-10-16T16:22:51Z,bluegenes,Tessa Pierce Ward,dib-lab++ONT_Illumina_genome_assembly.csv
MDc6UmVsZWFzZTIwNjYwODk1,v1.0,v1.0,2019-06-28T05:00:18Z,2019-10-12T18:50:41Z,johnsolk,Lisa K. Johnson,dib-lab++ONT_Illumina_genome_assembly.csv
RE_kwDOM9W6184Kwlwj,genomics,OWS genome assembly code rep.,2024-10-09T20:55:19Z,2024-10-17T17:47:56Z,DinizFerreira,Diniz Ferreira,DinizFerreira++OWS-genome.csv
RE_kwDONRkcNc4LGplR,v1.1,,2024-11-19T21:50:29Z,2024-11-19T21:52:17Z,galicae,Nikolaos Papadopoulos,galicae++plit-genome.csv
RE_kwDOBMYwiM4LEOzX,2.10.4,2.10.4,2024-11-15T15:34:44Z,2024-11-15T15:38:13Z,github-actions[bot],,genomehubs++genomehubs.csv
RE_kwDOBMYwiM4LCdti,2.10.3,2.10.3,2024-11-13T14:19:15Z,2024-11-13T14:22:11Z,github-actions[bot],,genomehubs++genomehubs.csv
RE_kwDOBMYwiM4K_bZS,2.10.0,2.10.0,2024-11-08T16:13:12Z,2024-11-08T16:16:00Z,github-actions[bot],,genomehubs++genomehubs.csv
RE_kwDOBMYwiM4K-TMh,2.9.17,2.9.17,2024-11-07T09:41:05Z,2024-11-07T09:43:53Z,github-actions[bot],,genomehubs++genomehubs.csv
RE_kwDOBMYwiM4K7pjS,2.9.16,2.9.16,2024-11-04T16:09:11Z,2024-11-04T16:11:54Z,github-actions[bot],,genomehubs++genomehubs.csv
RE_kwDOBMYwiM4K7nSn,2.9.15,2.9.15,2024-11-04T15:28:45Z,2024-11-04T15:31:43Z,github-actions[bot],,genomehubs++genomehubs.csv
RE_kwDOBMYwiM4K5yWK,2.9.14,2.9.14,2024-10-31T13:34:45Z,2024-10-31T13:37:33Z,github-actions[bot],,genomehubs++genomehubs.csv
RE_kwDOBMYwiM4K4_At,2.9.13,2.9.13,2024-10-30T14:37:01Z,2024-10-30T14:40:10Z,github-actions[bot],,genomehubs++genomehubs.csv
RE_kwDOBMYwiM4Kn6XM,2.9.12,2.9.12,2024-10-03T15:04:48Z,2024-10-03T15:07:53Z,github-actions[bot],,genomehubs++genomehubs.csv
RE_kwDOBMYwiM4Kn6XO,2.9.11,2.9.11,2024-10-02T08:33:12Z,2024-10-03T15:07:54Z,github-actions[bot],,genomehubs++genomehubs.csv
RE_kwDOBMYwiM4KmWzS,2.9.10,2.9.10,2024-10-01T14:55:35Z,2024-10-01T14:59:11Z,github-actions[bot],,genomehubs++genomehubs.csv
RE_kwDOBMYwiM4KlnTv,2.9.9,2.9.9,2024-09-30T15:43:30Z,2024-09-30T15:46:30Z,github-actions[bot],,genomehubs++genomehubs.csv
RE_kwDOBMYwiM4KleKV,2.9.8,2.9.8,2024-09-30T13:11:40Z,2024-09-30T13:14:55Z,github-actions[bot],,genomehubs++genomehubs.csv
RE_kwDOBMYwiM4Kkbd2,2.9.7,2.9.7,2024-09-27T15:59:14Z,2024-09-27T16:02:09Z,github-actions[bot],,genomehubs++genomehubs.csv
RE_kwDOBMYwiM4KkWKf,2.9.6,2.9.6,2024-09-27T14:06:35Z,2024-09-27T14:10:54Z,github-actions[bot],,genomehubs++genomehubs.csv
RE_kwDOBMYwiM4KjpxT,2.9.5,2.9.5,2024-09-26T15:48:13Z,2024-09-26T15:51:10Z,github-actions[bot],,genomehubs++genomehubs.csv
RE_kwDOBMYwiM4KioEo,2.9.4,2.9.4,2024-09-25T13:03:32Z,2024-09-25T13:19:40Z,github-actions[bot],,genomehubs++genomehubs.csv
RE_kwDOBMYwiM4Kd_Uk,2.9.3,2.9.3,2024-09-18T10:50:14Z,2024-09-18T10:53:16Z,github-actions[bot],,genomehubs++genomehubs.csv
RE_kwDOBMYwiM4KdKxL,2.9.2,2.9.2,2024-09-17T10:06:57Z,2024-09-17T10:10:00Z,github-actions[bot],,genomehubs++genomehubs.csv
RE_kwDOBMYwiM4KXJfs,2.9.1,2.9.1,2024-09-06T13:16:21Z,2024-09-06T13:19:16Z,github-actions[bot],,genomehubs++genomehubs.csv
RE_kwDOBMYwiM4KXJDz,2.9.0,2.9.0,2024-09-06T13:05:41Z,2024-09-06T13:09:10Z,github-actions[bot],,genomehubs++genomehubs.csv
RE_kwDOBMYwiM4KNNgJ,2.8.24,2.8.24,2024-08-21T09:47:44Z,2024-08-21T09:52:31Z,github-actions[bot],,genomehubs++genomehubs.csv
RE_kwDOBMYwiM4J9iEH,2.8.23,2.8.23,2024-07-25T12:45:08Z,2024-07-25T12:48:30Z,github-actions[bot],,genomehubs++genomehubs.csv
RE_kwDOBMYwiM4J8v1G,2.8.22,2.8.22,2024-07-24T14:16:08Z,2024-07-24T14:19:27Z,github-actions[bot],,genomehubs++genomehubs.csv
RE_kwDOBMYwiM4J7wdt,2.8.21,2.8.21,2024-07-23T08:53:33Z,2024-07-23T08:57:02Z,github-actions[bot],,genomehubs++genomehubs.csv
RE_kwDOBMYwiM4J6I3G,2.8.20,2.8.20,2024-07-19T13:03:10Z,2024-07-19T13:06:32Z,github-actions[bot],,genomehubs++genomehubs.csv
RE_kwDOBMYwiM4JtynJ,2.8.19,2.8.19,2024-06-28T13:26:24Z,2024-06-28T13:32:15Z,github-actions[bot],,genomehubs++genomehubs.csv
RE_kwDOBMYwiM4Jdk4-,2.8.18,2.8.18,2024-06-04T08:08:28Z,2024-06-04T08:11:46Z,github-actions[bot],,genomehubs++genomehubs.csv
RE_kwDOBMYwiM4JbSH-,2.8.17,2.8.17,2024-05-30T10:23:21Z,2024-05-30T10:26:36Z,github-actions[bot],,genomehubs++genomehubs.csv
RE_kwDOBMYwiM4JbRzC,2.8.16,2.8.16,2024-05-30T10:03:55Z,2024-05-30T10:17:43Z,github-actions[bot],,genomehubs++genomehubs.csv
RE_kwDOBMYwiM4JbQ35,2.8.15,2.8.15,2024-05-30T09:51:07Z,2024-05-30T09:54:17Z,github-actions[bot],,genomehubs++genomehubs.csv
RE_kwDOBMYwiM4Jazu-,2.8.14,2.8.14,2024-05-29T15:41:45Z,2024-05-29T15:45:02Z,github-actions[bot],,genomehubs++genomehubs.csv
RE_kwDOBMYwiM4JWiJf,2.8.13,2.8.13,2024-05-22T14:40:08Z,2024-05-22T14:43:27Z,github-actions[bot],,genomehubs++genomehubs.csv
RE_kwDOBMYwiM4JWcdh,2.8.12,2.8.12,2024-05-22T12:59:05Z,2024-05-22T13:02:13Z,github-actions[bot],,genomehubs++genomehubs.csv
RE_kwDOBMYwiM4JWazD,2.8.11,2.8.11,2024-05-22T12:23:53Z,2024-05-22T12:27:15Z,github-actions[bot],,genomehubs++genomehubs.csv
RE_kwDOBMYwiM4JVt88,2.8.10,2.8.10,2024-05-21T13:00:56Z,2024-05-21T13:04:31Z,github-actions[bot],,genomehubs++genomehubs.csv
RE_kwDOBMYwiM4JUFUc,2.8.9,2.8.9,2024-05-17T12:23:12Z,2024-05-17T12:26:18Z,github-actions[bot],,genomehubs++genomehubs.csv
RE_kwDOBMYwiM4JUB99,2.8.8,2.8.8,2024-05-17T10:16:04Z,2024-05-17T10:52:29Z,github-actions[bot],,genomehubs++genomehubs.csv
RE_kwDOBMYwiM4IvVCe,2.8.7,2.8.7,2024-03-14T16:19:28Z,2024-03-14T16:22:42Z,github-actions[bot],,genomehubs++genomehubs.csv
RE_kwDOBMYwiM4Iqw3o,2.8.6,2.8.6,2024-03-08T08:24:15Z,2024-03-08T08:27:34Z,github-actions[bot],,genomehubs++genomehubs.csv
RE_kwDOBMYwiM4Ip7kE,2.8.5,2.8.5,2024-03-07T08:59:51Z,2024-03-07T09:03:05Z,github-actions[bot],,genomehubs++genomehubs.csv
RE_kwDOBMYwiM4IoqSa,2.8.4,2.8.4,2024-03-05T14:18:45Z,2024-03-05T14:24:32Z,github-actions[bot],,genomehubs++genomehubs.csv
RE_kwDOBMYwiM4IoqSF,2.8.3,2.8.3,2024-03-04T15:29:51Z,2024-03-05T14:24:25Z,github-actions[bot],,genomehubs++genomehubs.csv
RE_kwDOBMYwiM4IknrP,2.8.2,2.8.2,2024-02-27T14:19:01Z,2024-02-27T14:22:34Z,github-actions[bot],,genomehubs++genomehubs.csv
RE_kwDOBMYwiM4IiNdN,2.8.1,2.8.1,2024-02-22T14:00:21Z,2024-02-22T14:03:52Z,github-actions[bot],,genomehubs++genomehubs.csv
RE_kwDOBMYwiM4IiFza,2.8.0,2.8.0,2024-02-22T10:49:06Z,2024-02-22T10:52:33Z,github-actions[bot],,genomehubs++genomehubs.csv
RE_kwDOBMYwiM4ITYj_,2.7.45,2.7.45,2024-01-31T11:14:33Z,2024-01-31T11:18:09Z,github-actions[bot],,genomehubs++genomehubs.csv
RE_kwDOBMYwiM4IQ-l-,2.7.44,2.7.44,2024-01-26T13:58:10Z,2024-01-26T14:01:48Z,github-actions[bot],,genomehubs++genomehubs.csv
RE_kwDOBMYwiM4IP2wT,2.7.43,2.7.43,2024-01-24T16:57:25Z,2024-01-24T17:00:44Z,github-actions[bot],,genomehubs++genomehubs.csv
RE_kwDOBMYwiM4IPKhm,2.7.42,2.7.42,2024-01-23T16:44:06Z,2024-01-23T16:47:32Z,github-actions[bot],,genomehubs++genomehubs.csv
RE_kwDOBMYwiM4INd3J,2.7.41,2.7.41,2024-01-19T15:51:00Z,2024-01-19T15:59:24Z,github-actions[bot],,genomehubs++genomehubs.csv
RE_kwDOBMYwiM4IM10U,2.7.40,2.7.40,2024-01-18T15:04:45Z,2024-01-18T15:30:16Z,github-actions[bot],,genomehubs++genomehubs.csv
RE_kwDOBMYwiM4IBotr,2.7.39,2.7.39,2023-12-20T15:27:26Z,2023-12-20T15:35:43Z,github-actions[bot],,genomehubs++genomehubs.csv
RE_kwDOBMYwiM4HrG9E,2.7.38,2.7.38,2023-11-09T15:28:00Z,2023-11-09T15:31:57Z,github-actions[bot],,genomehubs++genomehubs.csv
RE_kwDOBMYwiM4HjDCK,2.7.37,2.7.37,2023-10-25T14:34:35Z,2023-10-25T15:20:46Z,github-actions[bot],,genomehubs++genomehubs.csv
RE_kwDOBMYwiM4Hc3o_,2.7.36,2.7.36,2023-10-13T15:53:14Z,2023-10-13T15:57:55Z,github-actions[bot],,genomehubs++genomehubs.csv
RE_kwDOBMYwiM4HbcNI,2.7.35,2.7.35,2023-10-11T15:37:44Z,2023-10-11T15:43:10Z,github-actions[bot],,genomehubs++genomehubs.csv
RE_kwDOBMYwiM4HZ4G0,2.7.34,2.7.34,2023-10-09T08:00:54Z,2023-10-09T08:05:39Z,github-actions[bot],,genomehubs++genomehubs.csv
RE_kwDOBMYwiM4HVjSE,2.7.33,2.7.33,2023-09-29T09:36:51Z,2023-09-29T09:40:47Z,github-actions[bot],,genomehubs++genomehubs.csv
RE_kwDOBMYwiM4HUTgI,2.7.32,2.7.32,2023-09-27T11:14:07Z,2023-09-27T11:18:46Z,github-actions[bot],,genomehubs++genomehubs.csv
RE_kwDOBMYwiM4HS-Fp,2.7.31,2.7.31,2023-09-25T09:36:09Z,2023-09-25T09:40:50Z,github-actions[bot],,genomehubs++genomehubs.csv
RE_kwDOBMYwiM4HP0xL,2.7.30,2.7.30,2023-09-18T19:35:51Z,2023-09-18T19:40:37Z,github-actions[bot],,genomehubs++genomehubs.csv
RE_kwDOBMYwiM4HOo3M,2.7.29,2.7.29,2023-09-15T10:02:37Z,2023-09-15T10:06:32Z,github-actions[bot],,genomehubs++genomehubs.csv
RE_kwDOBMYwiM4HMshm,2.7.28,2.7.28,2023-09-12T10:05:12Z,2023-09-12T10:09:10Z,github-actions[bot],,genomehubs++genomehubs.csv
RE_kwDOBMYwiM4HK10U,2.7.27,2.7.27,2023-09-07T13:16:18Z,2023-09-07T13:20:50Z,github-actions[bot],,genomehubs++genomehubs.csv
RE_kwDOBMYwiM4HG8fy,2.7.25,2.7.25,2023-08-30T12:44:23Z,2023-08-30T12:48:25Z,github-actions[bot],,genomehubs++genomehubs.csv
RE_kwDOBMYwiM4HDw5a,2.7.24,2.7.24,2023-08-23T15:22:56Z,2023-08-23T15:26:51Z,github-actions[bot],,genomehubs++genomehubs.csv
RE_kwDOBMYwiM4HDlE4,2.7.23,2.7.23,2023-08-23T10:01:51Z,2023-08-23T10:05:51Z,github-actions[bot],,genomehubs++genomehubs.csv
RE_kwDOBMYwiM4HDAz3,2.7.22,2.7.22,2023-08-22T15:31:49Z,2023-08-22T15:36:30Z,github-actions[bot],,genomehubs++genomehubs.csv
RE_kwDOBMYwiM4HBUqb,2.7.21,2.7.21,2023-08-18T15:42:12Z,2023-08-18T15:48:30Z,github-actions[bot],,genomehubs++genomehubs.csv
RE_kwDOBMYwiM4HAyZ6,2.7.20,2.7.20,2023-08-17T15:40:18Z,2023-08-17T15:45:11Z,github-actions[bot],,genomehubs++genomehubs.csv
RE_kwDOBMYwiM4G_8u-,2.7.19,2.7.19,2023-08-16T09:51:24Z,2023-08-16T09:56:10Z,github-actions[bot],,genomehubs++genomehubs.csv
RE_kwDOBMYwiM4G_j6i,2.7.18,2.7.18,2023-08-15T15:11:25Z,2023-08-15T15:16:26Z,github-actions[bot],,genomehubs++genomehubs.csv
RE_kwDOBMYwiM4G-1rZ,2.7.17,2.7.17,2023-08-14T09:35:11Z,2023-08-14T09:38:54Z,github-actions[bot],,genomehubs++genomehubs.csv
RE_kwDOBMYwiM4G6Pmb,2.7.16,2.7.16,2023-08-10T13:38:52Z,2023-08-10T13:43:32Z,github-actions[bot],,genomehubs++genomehubs.csv
RE_kwDOBMYwiM4G5Fs3,2.7.15,2.7.15,2023-08-08T14:47:46Z,2023-08-08T14:51:24Z,github-actions[bot],,genomehubs++genomehubs.csv
RE_kwDOBMYwiM4G4gZI,2.7.14,2.7.14,2023-08-07T14:37:42Z,2023-08-07T14:41:59Z,github-actions[bot],,genomehubs++genomehubs.csv
RE_kwDOBMYwiM4G3NTx,2.7.13,2.7.13,2023-08-04T15:53:45Z,2023-08-04T15:57:53Z,github-actions[bot],,genomehubs++genomehubs.csv
RE_kwDOBMYwiM4G1bT3,2.7.12,2.7.12,2023-08-01T14:54:18Z,2023-08-01T14:58:15Z,github-actions[bot],,genomehubs++genomehubs.csv
RE_kwDOBMYwiM4GxpvM,2.7.11,2.7.11,2023-07-26T14:12:16Z,2023-07-26T14:16:35Z,github-actions[bot],,genomehubs++genomehubs.csv
RE_kwDOBMYwiM4GwxCx,2.7.10,2.7.10,2023-07-25T07:35:26Z,2023-07-25T07:39:01Z,github-actions[bot],,genomehubs++genomehubs.csv
RE_kwDOBMYwiM4GtOPP,2.7.9,2.7.9,2023-07-17T15:25:30Z,2023-07-17T15:29:20Z,github-actions[bot],,genomehubs++genomehubs.csv
RE_kwDOBMYwiM4GtCm5,2.7.8,2.7.8,2023-07-17T09:55:07Z,2023-07-17T09:59:16Z,github-actions[bot],,genomehubs++genomehubs.csv
RE_kwDOBMYwiM4GrKgI,2.7.7,2.7.7,2023-07-12T15:34:20Z,2023-07-12T16:02:39Z,github-actions[bot],,genomehubs++genomehubs.csv
RE_kwDOBMYwiM4GlnHa,2.7.6,2.7.6,2023-06-30T15:52:04Z,2023-06-30T16:00:55Z,github-actions[bot],,genomehubs++genomehubs.csv
RE_kwDOBMYwiM4GR3Gr,2.7.5,2.7.5,2023-05-30T11:02:45Z,2023-05-30T11:06:12Z,github-actions[bot],,genomehubs++genomehubs.csv
RE_kwDOBMYwiM4GMn_p,2.7.1,2.7.1,2023-05-23T15:23:58Z,2023-05-23T15:27:39Z,github-actions[bot],,genomehubs++genomehubs.csv
RE_kwDOBMYwiM4GLJ5M,2.7.0,2.7.0,2023-05-19T10:17:55Z,2023-05-19T10:21:25Z,github-actions[bot],,genomehubs++genomehubs.csv
RE_kwDOBMYwiM4GCaqe,2.6.16,2.6.16,2023-04-28T14:41:21Z,2023-04-28T14:48:17Z,github-actions[bot],,genomehubs++genomehubs.csv
RE_kwDOBMYwiM4GBMJP,2.6.15,2.6.15,2023-04-26T15:24:23Z,2023-04-26T15:27:57Z,github-actions[bot],,genomehubs++genomehubs.csv
RE_kwDOBMYwiM4F2Eyw,2.6.14,2.6.14,2023-04-04T13:14:29Z,2023-04-04T15:41:45Z,github-actions[bot],,genomehubs++genomehubs.csv
RE_kwDOBMYwiM4Fwvji,2.6.13,2.6.13,2023-03-23T16:23:08Z,2023-03-23T16:26:26Z,github-actions[bot],,genomehubs++genomehubs.csv
RE_kwDOBMYwiM4FwBEM,2.6.12,2.6.12,2023-03-22T11:10:36Z,2023-03-22T11:13:29Z,github-actions[bot],,genomehubs++genomehubs.csv
RE_kwDOBMYwiM4FwAsP,2.6.11,2.6.11,2023-03-22T10:59:37Z,2023-03-22T11:02:14Z,github-actions[bot],,genomehubs++genomehubs.csv
RE_kwDOBMYwiM4Fvp-M,2.6.10,2.6.10,2023-03-21T16:56:10Z,2023-03-21T16:59:09Z,github-actions[bot],,genomehubs++genomehubs.csv
RE_kwDOBMYwiM4FvEvH,2.6.9,2.6.9,2023-03-20T15:36:11Z,2023-03-20T15:39:42Z,github-actions[bot],,genomehubs++genomehubs.csv
RE_kwDOBMYwiM4FqiYJ,2.6.8,2.6.8,2023-03-09T08:50:14Z,2023-03-09T08:53:16Z,github-actions[bot],,genomehubs++genomehubs.csv
RE_kwDOBMYwiM4FpjYV,2.6.7,2.6.7,2023-03-07T14:21:58Z,2023-03-07T14:25:24Z,github-actions[bot],,genomehubs++genomehubs.csv
RE_kwDOBMYwiM4FluD8,2.6.6,2.6.6,2023-02-27T11:32:32Z,2023-02-27T11:35:35Z,github-actions[bot],,genomehubs++genomehubs.csv
RE_kwDOBMYwiM4FiEu_,2.6.5,2.6.5,2023-02-17T10:10:50Z,2023-02-17T10:13:48Z,github-actions[bot],,genomehubs++genomehubs.csv
RE_kwDOBMYwiM4Fhp_a,2.6.4,2.6.4,2023-02-16T15:02:53Z,2023-02-16T15:05:48Z,github-actions[bot],,genomehubs++genomehubs.csv
RE_kwDOBMYwiM4FhPvk,2.6.3,2.6.3,2023-02-15T19:24:33Z,2023-02-15T19:28:12Z,github-actions[bot],,genomehubs++genomehubs.csv
RE_kwDOBMYwiM4FeazB,2.6.2,2.6.2,2023-02-09T09:50:24Z,2023-02-09T09:53:08Z,github-actions[bot],,genomehubs++genomehubs.csv
RE_kwDOBMYwiM4Fd5SD,2.6.1,2.6.1,2023-02-08T10:15:23Z,2023-02-08T10:18:49Z,github-actions[bot],,genomehubs++genomehubs.csv
RE_kwDOBMYwiM4Fdhv5,2.6.0,2.6.0,2023-02-07T16:20:49Z,2023-02-07T16:23:52Z,github-actions[bot],,genomehubs++genomehubs.csv
RE_kwDOBMYwiM4FbLll,2.5.47,2.5.47,2023-02-01T17:01:42Z,2023-02-01T17:04:23Z,github-actions[bot],,genomehubs++genomehubs.csv
RE_kwDOBMYwiM4FY_4A,2.5.46,2.5.46,2023-01-27T15:56:59Z,2023-01-27T15:59:23Z,github-actions[bot],,genomehubs++genomehubs.csv
RE_kwDOBMYwiM4FHkjP,2.5.45,2.5.45,2022-12-13T13:52:24Z,2022-12-13T13:56:35Z,github-actions[bot],,genomehubs++genomehubs.csv
RE_kwDOBMYwiM4FHGcg,2.5.44,2.5.44,2022-12-12T15:21:47Z,2022-12-12T15:25:07Z,github-actions[bot],,genomehubs++genomehubs.csv
RE_kwDOBMYwiM4FDjym,2.5.43,2.5.43,2022-12-02T13:54:19Z,2022-12-02T13:57:36Z,github-actions[bot],,genomehubs++genomehubs.csv
RE_kwDOBMYwiM4FCskv,2.5.42,2.5.42,2022-11-30T15:33:52Z,2022-11-30T15:36:28Z,github-actions[bot],,genomehubs++genomehubs.csv
RE_kwDOBMYwiM4FA397,2.5.41,2.5.41,2022-11-24T15:49:51Z,2022-11-24T15:52:38Z,github-actions[bot],,genomehubs++genomehubs.csv
RE_kwDOBMYwiM4FAwDt,2.5.40,2.5.40,2022-11-24T10:26:26Z,2022-11-24T10:36:52Z,github-actions[bot],,genomehubs++genomehubs.csv
RE_kwDOBMYwiM4E9Lyj,2.5.39,2.5.39,2022-11-15T16:39:15Z,2022-11-15T16:41:49Z,github-actions[bot],,genomehubs++genomehubs.csv
RE_kwDOBMYwiM4E9DQX,2.5.38,2.5.38,2022-11-15T11:24:47Z,2022-11-15T11:33:45Z,github-actions[bot],,genomehubs++genomehubs.csv
RE_kwDOBMYwiM4E8cQo,2.5.37,2.5.37,2022-11-14T08:52:24Z,2022-11-14T08:55:34Z,github-actions[bot],,genomehubs++genomehubs.csv
RE_kwDOBMYwiM4E7gkR,2.5.36,2.5.36,2022-11-10T16:46:43Z,2022-11-10T16:49:42Z,github-actions[bot],,genomehubs++genomehubs.csv
RE_kwDOBMYwiM4E1pYZ,2.5.35,2.5.35,2022-10-27T09:11:01Z,2022-10-27T09:14:02Z,github-actions[bot],,genomehubs++genomehubs.csv
RE_kwDOBMYwiM4E1MC0,2.5.34,2.5.34,2022-10-26T14:06:30Z,2022-10-26T14:08:58Z,github-actions[bot],,genomehubs++genomehubs.csv
RE_kwDOBMYwiM4EvrvO,2.5.33,2.5.33,2022-10-12T07:06:57Z,2022-10-12T07:10:04Z,github-actions[bot],,genomehubs++genomehubs.csv
RE_kwDOBMYwiM4Euab1,2.5.32,2.5.32,2022-10-07T14:02:50Z,2022-10-07T14:05:51Z,github-actions[bot],,genomehubs++genomehubs.csv
RE_kwDOBMYwiM4Et3k8,2.5.31,2.5.31,2022-10-06T07:57:11Z,2022-10-06T07:59:52Z,github-actions[bot],,genomehubs++genomehubs.csv
RE_kwDOBMYwiM4EttzY,2.5.30,2.5.30,2022-10-05T19:11:44Z,2022-10-05T19:14:51Z,github-actions[bot],,genomehubs++genomehubs.csv
RE_kwDOBMYwiM4EtMcP,2.5.29,2.5.29,2022-10-04T14:37:45Z,2022-10-04T14:41:53Z,github-actions[bot],,genomehubs++genomehubs.csv
RE_kwDOBMYwiM4EpjJp,2.5.28,2.5.28,2022-09-23T15:32:15Z,2022-09-23T15:35:20Z,github-actions[bot],,genomehubs++genomehubs.csv
RE_kwDOBMYwiM4Eo-9L,2.5.27,2.5.27,2022-09-22T08:24:46Z,2022-09-22T08:27:52Z,github-actions[bot],,genomehubs++genomehubs.csv
RE_kwDOBMYwiM4EovYM,2.5.26,2.5.26,2022-09-21T15:36:05Z,2022-09-21T15:40:59Z,github-actions[bot],,genomehubs++genomehubs.csv
RE_kwDOBMYwiM4EoTr0,2.5.25,2.5.25,2022-09-20T15:49:01Z,2022-09-20T15:53:10Z,github-actions[bot],,genomehubs++genomehubs.csv
RE_kwDOBMYwiM4EoOu1,2.5.24,2.5.24,2022-09-20T12:49:27Z,2022-09-20T13:01:54Z,github-actions[bot],,genomehubs++genomehubs.csv
RE_kwDOBMYwiM4EkPxV,2.5.23,2.5.23,2022-09-08T15:24:26Z,2022-09-08T15:31:55Z,github-actions[bot],,genomehubs++genomehubs.csv
RE_kwDOBMYwiM4EkNvq,2.5.22,2.5.22,2022-09-08T14:17:04Z,2022-09-08T14:19:49Z,github-actions[bot],,genomehubs++genomehubs.csv
RE_kwDOBMYwiM4EjVvB,2.5.21,2.5.21,2022-09-06T12:15:44Z,2022-09-06T12:19:09Z,github-actions[bot],,genomehubs++genomehubs.csv
RE_kwDOBMYwiM4EjQYR,2.5.20,2.5.20,2022-09-06T08:16:29Z,2022-09-06T08:25:42Z,github-actions[bot],,genomehubs++genomehubs.csv
RE_kwDOBMYwiM4EihRP,2.5.19,2.5.19,2022-09-02T14:47:10Z,2022-09-02T14:50:32Z,github-actions[bot],,genomehubs++genomehubs.csv
RE_kwDOBMYwiM4Eifi9,2.5.18,2.5.18,2022-09-02T13:46:45Z,2022-09-02T13:49:15Z,github-actions[bot],,genomehubs++genomehubs.csv
RE_kwDOBMYwiM4EifdJ,2.5.17,2.5.17,2022-09-02T13:41:53Z,2022-09-02T13:45:09Z,github-actions[bot],,genomehubs++genomehubs.csv
RE_kwDOBMYwiM4Eh7JF,2.5.16,2.5.16,2022-09-01T09:29:08Z,2022-09-01T09:32:17Z,github-actions[bot],,genomehubs++genomehubs.csv
RE_kwDOBMYwiM4Ehj2a,2.5.15,2.5.15,2022-08-31T15:23:02Z,2022-08-31T15:28:44Z,github-actions[bot],,genomehubs++genomehubs.csv
RE_kwDOBMYwiM4EgkAi,2.5.14,2.5.14,2022-08-29T14:08:06Z,2022-08-29T14:11:18Z,github-actions[bot],,genomehubs++genomehubs.csv
RE_kwDOBMYwiM4Egd97,2.5.13,2.5.13,2022-08-29T10:01:41Z,2022-08-29T10:04:37Z,github-actions[bot],,genomehubs++genomehubs.csv
RE_kwDOBMYwiM4Ef5-L,2.5.12,2.5.12,2022-08-26T13:57:59Z,2022-08-26T14:01:48Z,github-actions[bot],,genomehubs++genomehubs.csv
RE_kwDOBMYwiM4EfTgG,2.5.11,2.5.11,2022-08-24T15:39:48Z,2022-08-25T08:10:29Z,github-actions[bot],,genomehubs++genomehubs.csv
RE_kwDOBMYwiM4EeYFM,2.5.10,2.5.10,2022-08-23T09:04:54Z,2022-08-23T09:14:01Z,github-actions[bot],,genomehubs++genomehubs.csv
RE_kwDOBMYwiM4EbGXi,2.5.9,2.5.9,2022-08-11T14:45:54Z,2022-08-11T14:48:38Z,github-actions[bot],,genomehubs++genomehubs.csv
RE_kwDOBMYwiM4EaULL,2.5.8,2.5.8,2022-08-09T15:38:36Z,2022-08-09T15:41:01Z,github-actions[bot],,genomehubs++genomehubs.csv
RE_kwDOBMYwiM4EZ6ZX,2.5.7,2.5.7,2022-08-08T15:17:55Z,2022-08-08T15:20:34Z,github-actions[bot],,genomehubs++genomehubs.csv
RE_kwDOBMYwiM4EUTYs,2.5.6,2.5.6,2022-07-20T13:47:55Z,2022-07-20T13:51:31Z,github-actions[bot],,genomehubs++genomehubs.csv
RE_kwDOBMYwiM4ET2GN,2.5.5,2.5.5,2022-07-19T10:34:29Z,2022-07-19T10:44:23Z,github-actions[bot],,genomehubs++genomehubs.csv
RE_kwDOBMYwiM4ETBap,2.5.4,2.5.4,2022-07-15T14:00:06Z,2022-07-15T14:03:00Z,github-actions[bot],,genomehubs++genomehubs.csv
RE_kwDOBMYwiM4ESV_k,2.5.3,2.5.3,2022-07-13T15:47:27Z,2022-07-13T15:50:07Z,github-actions[bot],,genomehubs++genomehubs.csv
RE_kwDOBMYwiM4ESUdE,2.5.2,2.5.2,2022-07-13T14:45:23Z,2022-07-13T14:48:02Z,github-actions[bot],,genomehubs++genomehubs.csv
RE_kwDOBMYwiM4ESTyE,2.5.1,2.5.1,2022-07-13T14:34:03Z,2022-07-13T14:36:58Z,github-actions[bot],,genomehubs++genomehubs.csv
RE_kwDOBMYwiM4ER9ND,2.5.0,2.5.0,2022-07-12T15:29:58Z,2022-07-12T15:32:53Z,github-actions[bot],,genomehubs++genomehubs.csv
RE_kwDOBMYwiM4ERDdr,2.4.26,2.4.26,2022-07-08T15:22:02Z,2022-07-08T15:24:54Z,github-actions[bot],,genomehubs++genomehubs.csv
RE_kwDOBMYwiM4EQUm8,2.4.25,2.4.25,2022-07-06T15:51:11Z,2022-07-06T15:53:54Z,github-actions[bot],,genomehubs++genomehubs.csv
RE_kwDOBMYwiM4EQP5-,2.4.24,2.4.24,2022-07-06T12:57:18Z,2022-07-06T13:00:14Z,github-actions[bot],,genomehubs++genomehubs.csv
RE_kwDOBMYwiM4EOzh3,2.4.23,2.4.23,2022-06-30T15:08:46Z,2022-06-30T15:11:28Z,github-actions[bot],,genomehubs++genomehubs.csv
RE_kwDOBMYwiM4EN1MX,2.4.22,2.4.22,2022-06-28T10:40:53Z,2022-06-28T12:11:17Z,github-actions[bot],,genomehubs++genomehubs.csv
RE_kwDOBMYwiM4EMjeW,2.4.21,2.4.21,2022-06-23T14:19:45Z,2022-06-23T14:29:05Z,github-actions[bot],,genomehubs++genomehubs.csv
RE_kwDOBMYwiM4ELI1s,2.4.20,2.4.20,2022-06-22T10:50:04Z,2022-06-22T10:52:31Z,github-actions[bot],,genomehubs++genomehubs.csv
RE_kwDOBMYwiM4EIyR7,2.4.19,2.4.19,2022-06-14T14:48:45Z,2022-06-14T14:51:25Z,github-actions[bot],,genomehubs++genomehubs.csv
RE_kwDOBMYwiM4EHvXo,2.4.18,2.4.18,2022-06-10T09:21:59Z,2022-06-10T09:24:50Z,github-actions[bot],,genomehubs++genomehubs.csv
RE_kwDOBMYwiM4EGHhg,2.4.17,2.4.17,2022-06-06T13:17:08Z,2022-06-06T13:20:17Z,github-actions[bot],,genomehubs++genomehubs.csv
RE_kwDOBMYwiM4EExVG,2.4.16,2.4.16,2022-06-01T15:51:28Z,2022-06-01T15:55:04Z,github-actions[bot],,genomehubs++genomehubs.csv
RE_kwDOBMYwiM4EEZD7,2.4.15,2.4.15,2022-05-31T15:46:52Z,2022-05-31T15:50:03Z,github-actions[bot],,genomehubs++genomehubs.csv
RE_kwDOBMYwiM4EDCBU,2.4.14,2.4.14,2022-05-26T09:46:43Z,2022-05-26T09:49:30Z,github-actions[bot],,genomehubs++genomehubs.csv
RE_kwDOBMYwiM4EDBN7,2.4.13,2.4.13,2022-05-26T08:57:04Z,2022-05-26T09:00:22Z,github-actions[bot],,genomehubs++genomehubs.csv
RE_kwDOBMYwiM4EA-8c,2.4.12,2.4.12,2022-05-20T10:39:39Z,2022-05-20T10:44:19Z,github-actions[bot],,genomehubs++genomehubs.csv
RE_kwDOBMYwiM4D_dzl,2.4.11,2.4.11,2022-05-16T14:09:09Z,2022-05-16T14:11:59Z,github-actions[bot],,genomehubs++genomehubs.csv
RE_kwDOBMYwiM4D-UhG,2.4.10,2.4.10,2022-05-12T09:44:43Z,2022-05-12T09:47:29Z,github-actions[bot],,genomehubs++genomehubs.csv
RE_kwDOBMYwiM4D9jIz,2.4.9,2.4.9,2022-05-10T11:56:47Z,2022-05-10T11:59:24Z,github-actions[bot],,genomehubs++genomehubs.csv
RE_kwDOBMYwiM4D8lyo,2.4.8,2.4.8,2022-05-06T10:49:15Z,2022-05-06T10:51:49Z,github-actions[bot],,genomehubs++genomehubs.csv
RE_kwDOBMYwiM4D8IGd,2.4.7,2.4.7,2022-05-05T08:53:05Z,2022-05-05T08:56:24Z,github-actions[bot],,genomehubs++genomehubs.csv
RE_kwDOBMYwiM4D7fFa,2.4.5,2.4.5,2022-05-03T13:56:00Z,2022-05-03T13:59:21Z,github-actions[bot],,genomehubs++genomehubs.csv
RE_kwDOBMYwiM4D4TkT,2.4.4,2.4.4,2022-04-22T15:36:45Z,2022-04-22T15:41:50Z,github-actions[bot],,genomehubs++genomehubs.csv
RE_kwDOBMYwiM4D4LI6,2.4.3,2.4.3,2022-04-22T10:25:05Z,2022-04-22T10:27:52Z,github-actions[bot],,genomehubs++genomehubs.csv
RE_kwDOBMYwiM4D0dLJ,2.4.2,2.4.2,2022-04-11T07:51:59Z,2022-04-11T07:54:31Z,github-actions[bot],,genomehubs++genomehubs.csv
RE_kwDOBMYwiM4DzsRY,2.4.1,2.4.1,2022-04-07T16:12:08Z,2022-04-07T16:14:48Z,github-actions[bot],,genomehubs++genomehubs.csv
RE_kwDOBMYwiM4DyzoE,2.3.5,2.3.5,2022-04-05T16:19:35Z,2022-04-05T16:21:58Z,github-actions[bot],,genomehubs++genomehubs.csv
RE_kwDOBMYwiM4DyzBf,2.3.4,2.3.4,2022-04-05T15:54:19Z,2022-04-05T15:57:48Z,github-actions[bot],,genomehubs++genomehubs.csv
RE_kwDOBMYwiM4DyyBh,2.3.3,2.3.3,2022-04-05T15:40:20Z,2022-04-05T15:42:43Z,github-actions[bot],,genomehubs++genomehubs.csv
RE_kwDOBMYwiM4Dyw3Q,2.3.1,2.3.1,2022-04-05T15:09:48Z,2022-04-05T15:13:12Z,github-actions[bot],,genomehubs++genomehubs.csv
RE_kwDOBMYwiM4DkjtP,2.3.0,2.3.0,2022-02-18T14:53:24Z,2022-02-18T15:13:55Z,github-actions[bot],,genomehubs++genomehubs.csv
RE_kwDOBMYwiM4DTjtM,2.2.1,v2.2.1,2021-12-16T14:28:03Z,2021-12-16T14:33:19Z,rjchallis,Richard Challis,genomehubs++genomehubs.csv
MDc6UmVsZWFzZTM5MDUzMDQy,v2.0.0,2.0.0,2021-03-01T11:54:46Z,2021-03-01T13:22:50Z,rjchallis,Richard Challis,genomehubs++genomehubs.csv
MDc6UmVsZWFzZTEyOTQ4MDE=,v1.0.0,transcriptome-and-genome-assembly Version 1.0.0,2015-02-17T10:25:34Z,2015-05-14T03:27:42Z,kstatebioinfo,Nic Herdon,i5K-KINBRE-script-share++transcriptome-and-genome-assembly.csv
MDc6UmVsZWFzZTMyMzgxNDUw,v1.0,Genomic signatures of the evolution of defence against its natural enemies in the poisonous and medicinal plant Datura stramonium (Solanaceae),2020-09-17T23:56:44Z,2020-10-09T16:46:46Z,icruz1989,IVAN DE LA CRUZ,icruz1989++Datura-stramonium-genome-project.csv
RE_kwDOIBrO_M4ExnqO,v.1.0.1,,2022-10-17T17:25:48Z,2022-10-17T17:38:36Z,IndeeverM,Indeever Madireddy,IndeeverM++Angelfish-Genome-Assembly.csv
RE_kwDOMKkPYM4LKqqc,v1.1.5,1.1.5,2024-11-25T16:54:00Z,2024-11-25T16:55:03Z,iwc-workflows-bot,,iwc-workflows++bacterial-genome-assembly.csv
RE_kwDOMKkPYM4K11wv,v1.1.4,1.1.4,2024-10-25T08:03:51Z,2024-10-25T08:04:53Z,iwc-workflows-bot,,iwc-workflows++bacterial-genome-assembly.csv
RE_kwDOMKkPYM4Kmy9m,v1.1.3,1.1.3,2024-10-02T07:33:14Z,2024-10-02T07:34:16Z,iwc-workflows-bot,,iwc-workflows++bacterial-genome-assembly.csv
RE_kwDOMKkPYM4Kesd3,v1.1.2,1.1.2,2024-09-19T07:03:20Z,2024-09-19T07:04:22Z,iwc-workflows-bot,,iwc-workflows++bacterial-genome-assembly.csv
RE_kwDOMKkPYM4J0y7z,v1.1.1,1.1.1,2024-07-10T16:00:43Z,2024-07-10T16:01:44Z,iwc-workflows-bot,,iwc-workflows++bacterial-genome-assembly.csv
RE_kwDOMKkPYM4JqQZ9,v1.1,1.1,2024-06-24T13:49:09Z,2024-06-24T13:50:11Z,iwc-workflows-bot,,iwc-workflows++bacterial-genome-assembly.csv
RE_kwDOMKkPYM4JnAR0,v1.0,1.0,2024-06-19T07:14:42Z,2024-06-19T07:15:43Z,iwc-workflows-bot,,iwc-workflows++bacterial-genome-assembly.csv
RE_kwDOLJrsrc4ITztU,v1,,2024-01-31T23:02:19Z,2024-01-31T23:06:45Z,jrotzetter,,jrotzetter++genome-assembly-annotation.csv
RE_kwDOIkDXls4FGlc7,0.1.2,v0.1.2,2022-12-10T02:22:49Z,2022-12-10T02:23:47Z,jwcodee,JW,jwcodee++visualize_genome_assembly.csv
RE_kwDOIkDXls4FGlM1,0.1.1,v0.1.1,2022-12-10T01:30:40Z,2022-12-10T01:36:11Z,jwcodee,JW,jwcodee++visualize_genome_assembly.csv
RE_kwDOIkDXls4FGlH3,0.1.0,v0.1.0,2022-12-10T01:20:55Z,2022-12-10T01:21:29Z,jwcodee,JW,jwcodee++visualize_genome_assembly.csv
RE_kwDOLzRBNM4JVVZi,v1.0.0,De novo assembly pipeline ,2024-04-29T19:31:47Z,2024-05-20T21:30:10Z,lhauff,,lhauff++Eulemur_genome_assembly.csv
RE_kwDOEuWqDs4Dnnb_,v1.0.0,v1.0.0,2022-03-01T15:48:15Z,2022-03-01T15:53:36Z,LorenaDerezanin,Lorena Derežanin,LorenaDerezanin++Tayra_Genome_Project.csv
RE_kwDOJ29kds4IjvAA,refgenomes,Chromosome-level genome of Gordionus montsenyensis added to the repository,2023-12-21T15:47:27Z,2024-02-26T09:10:51Z,MetazoaPhylogenomicsLab,MetazoaPhylogenomicsLab@IBE,MetazoaPhylogenomicsLab++ChromosomeLevelGenomes.csv
RE_kwDOJprXSc4J63gD,v1.0,Haplotype-resolved Pinus densiflora genome code,2023-06-01T00:30:54Z,2024-07-22T01:04:22Z,minjeongjj,,minjeongjj++pinus_densiflora_haplotype_genome.csv
RE_kwDOMKpGc84Jl_uG,v1.0.0,Acropora palmata and A. cervicornis resource release v1.0.0,2024-06-17T22:16:38Z,2024-06-17T22:20:40Z,mistergroot,Nicolas Locatelli,mistergroot++apal_acer_genomes.csv
RE_kwDOMbKEPc4KJcuu,v1.0.1,"Colpophyllia natans, Dendrogyra cylindrus, and Siderastrea siderea resource release v1.0.1",2024-08-14T19:56:53Z,2024-08-14T19:58:12Z,mistergroot,Nicolas Locatelli,mistergroot++cnat_dcyl_ssid_genomes.csv
RE_kwDOMbKEPc4KJYcN,v1.0.0,"Colpophyllia natans, Dendrogyra cylindrus, and Siderastrea siderea resource release v1.0.0",2024-08-14T17:48:45Z,2024-08-14T18:00:49Z,mistergroot,Nicolas Locatelli,mistergroot++cnat_dcyl_ssid_genomes.csv
MDc6UmVsZWFzZTQxNjQ1NDc1,v1.2,Dsil genome scripts V1.2. Published,2020-06-03T20:53:17Z,2021-04-19T13:32:44Z,JFsanchezherrero,Jose Francisco Sanchez-Herrero ,molevol-ub++Dysdera_silvatica_genome.csv
MDc6UmVsZWFzZTE0NDA1MTgy,v1.1,Dsil genome scripts V1.1. Draft,2018-12-07T10:23:10Z,2018-12-07T10:24:33Z,JFsanchezherrero,Jose Francisco Sanchez-Herrero ,molevol-ub++Dysdera_silvatica_genome.csv
RE_kwDOGFGols4DmwrF,v1.0.0,Cmast genome assembly code,2022-02-21T23:33:57Z,2022-02-25T15:16:47Z,graphanalytics,Vijay Nagarajan,NIH-NEI++cmast-genome-assembly.csv
RE_kwDOIF-Gkc4EvbYc,v1.1,The modified version of the tutorial,2022-10-11T09:36:11Z,2022-10-11T14:27:12Z,niWdooG,Evgenii,niWdooG++Genome_Assembly_Long_Reads_Hi-C.csv
RE_kwDOIF-Gkc4ErwkO,v1.0,The initial version of the tutorial,2022-09-29T13:26:59Z,2022-09-29T14:03:03Z,niWdooG,Evgenii,niWdooG++Genome_Assembly_Long_Reads_Hi-C.csv
RE_kwDOEWRVu84DrVLn,v1.0,v1.0,2022-02-07T23:17:01Z,2022-03-13T01:37:19Z,npbhavya,Bhavya Papudeshi,npbhavya++bacterial-genome-assembly.csv
MDc6UmVsZWFzZTQyODc1OTYx,v2021.02.2,v2021.02.2,2021-05-13T00:10:16Z,2021-05-13T00:10:44Z,GPUtester,gpuCI,NVIDIA-Genomics-Research++GenomeWorks.csv
MDc6UmVsZWFzZTQyODU3OTMz,v2021.02.1,v2021.02.1,2021-05-12T16:55:24Z,2021-05-12T17:15:12Z,GPUtester,gpuCI,NVIDIA-Genomics-Research++GenomeWorks.csv
MDc6UmVsZWFzZTM4NjY0NjM4,v2021.02.0,v2021.02.0,2021-02-24T05:30:12Z,2021-03-17T10:47:00Z,ohadmo,Ohad Mosafi,NVIDIA-Genomics-Research++GenomeWorks.csv
MDc6UmVsZWFzZTMxNjcyMzY4,v0.5.3,v0.5.3,2020-09-22T14:00:13Z,2020-09-22T19:43:46Z,tijyojwad,Joyjit Daw,NVIDIA-Genomics-Research++GenomeWorks.csv
MDc6UmVsZWFzZTMwNzQyMDMy,v0.5.2,v0.5.2,2020-09-04T17:00:15Z,2020-09-04T17:07:15Z,ahehn-nv,,NVIDIA-Genomics-Research++GenomeWorks.csv
MDc6UmVsZWFzZTI5ODcwNzY2,v0.5.1,,2020-08-19T14:30:14Z,2020-08-19T15:29:55Z,tijyojwad,Joyjit Daw,NVIDIA-Genomics-Research++GenomeWorks.csv
MDc6UmVsZWFzZTI5Mzc0MDQy,v0.5.0,GenomeWorks v0.5.0,2020-08-05T17:20:11Z,2020-08-05T17:28:58Z,tijyojwad,Joyjit Daw,NVIDIA-Genomics-Research++GenomeWorks.csv
MDc6UmVsZWFzZTI0OTA5ODgy,v0.4.4,ClaraGenomicsAnalysis Release 0.4.4,2020-03-26T14:18:33Z,2020-03-26T21:17:15Z,tijyojwad,Joyjit Daw,NVIDIA-Genomics-Research++GenomeWorks.csv
MDc6UmVsZWFzZTI0MjI4MDAy,v0.5.0-rc1,ClaraGenomicsAnalysis 0.5.0 - Release Candidate 1,2020-03-04T21:42:51Z,2020-03-04T21:46:04Z,tijyojwad,Joyjit Daw,NVIDIA-Genomics-Research++GenomeWorks.csv
MDc6UmVsZWFzZTIxOTA0MTcx,v0.4.3,ClaraGenomicsAnalysis Release 0.4.3,2019-12-02T10:07:53Z,2019-12-02T17:12:49Z,ohadmo,Ohad Mosafi,NVIDIA-Genomics-Research++GenomeWorks.csv
MDc6UmVsZWFzZTIxODE3MzY4,v0.4.0,ClaraGenomicsAnalysis Release 0.4.0,2019-11-28T00:54:08Z,2019-11-28T01:12:47Z,tijyojwad,Joyjit Daw,NVIDIA-Genomics-Research++GenomeWorks.csv
MDc6UmVsZWFzZTIwNTg3ODY0,v0.3.0,ClaraGenomicsAnalysis Release 0.3.0,2019-10-09T17:27:19Z,2019-10-09T19:16:25Z,tijyojwad,Joyjit Daw,NVIDIA-Genomics-Research++GenomeWorks.csv
MDc6UmVsZWFzZTE5Mjk5MjY3,v0.2.0,ClaraGenomicsAnalysis Release 0.2.0,2019-08-14T21:41:35Z,2019-08-14T21:42:08Z,tijyojwad,Joyjit Daw,NVIDIA-Genomics-Research++GenomeWorks.csv
MDc6UmVsZWFzZTE4NDcyMzU2,v0.1.0,ClaraGenomicsAnalysis Release 0.1.0,2019-07-02T00:06:58Z,2019-07-08T13:59:46Z,tijyojwad,Joyjit Daw,NVIDIA-Genomics-Research++GenomeWorks.csv
RE_kwDOCxBwCc4EnLSs,v1.0.0,,2021-10-20T09:23:19Z,2022-09-16T09:59:22Z,peterthorpe5,Peter Thorpe,peterthorpe5++Heterodera_schachtii_genome_assembly.csv
RE_kwDOGIkP8M4KpZ1c,v1.0-beta,v1.0-beta,2024-09-20T07:30:13Z,2024-10-07T08:06:25Z,QuentinRougemont,Quentin Rougemont,QuentinRougemont++genome_assembly.csv
RE_kwDOLlm3aM4JAaLc,V1,Malabar_grouper_genome_V1,2024-04-15T04:37:27Z,2024-04-15T04:40:49Z,R-Huerlimann,,R-Huerlimann++Malabar_grouper_genome.csv
RE_kwDOLJHOOM4JirSg,v0.3.3,v0.3.3,2024-06-12T13:26:46Z,2024-06-12T13:32:02Z,RolandFaure,,RolandFaure++GenomeTailor.csv
RE_kwDOEVYwOM4GhtlC,v1,v1,2022-04-25T10:08:20Z,2023-06-22T07:10:39Z,SAMtoBAM,,SAMtoBAM++PhasedDiploidGenomeAssemblyPipeline.csv
RE_kwDOHptrP84JCqoW,0.10.0,v0.10.0 – Hideous Zippleback,2024-04-18T08:27:23Z,2024-04-18T08:30:47Z,ksenia-krasheninnikova,Ksenia,sanger-tol++genomeassembly.csv
RE_kwDOHptrP84H_m_o,0.9.0,v0.9.0 – Night Fury,2023-12-15T15:45:35Z,2023-12-15T15:56:47Z,ksenia-krasheninnikova,Ksenia,sanger-tol++genomeassembly.csv
RE_kwDOHN-IIM4KsKJq,2.0.0,v2.0.0 - English Cocker Spaniel,2024-10-10T14:47:40Z,2024-10-10T14:54:59Z,BethYates,,sanger-tol++genomenote.csv
RE_kwDOHN-IIM4KZVCG,1.2.2,v1.2.2 – Pyrenean Mountain Dog (patch 2),2024-09-10T19:33:10Z,2024-09-10T19:35:36Z,muffato,Matthieu Muffato,sanger-tol++genomenote.csv
RE_kwDOHN-IIM4KBz8f,1.2.1,v1.2.1 – Pyrenean Mountain Dog (patch 1),2024-08-01T13:03:01Z,2024-08-01T13:32:20Z,muffato,Matthieu Muffato,sanger-tol++genomenote.csv
RE_kwDOHN-IIM4JKbwQ,1.2.0,v1.2.0 - Pyrenean Mountain Dog,2024-05-01T21:22:20Z,2024-05-01T21:22:45Z,muffato,Matthieu Muffato,sanger-tol++genomenote.csv
RE_kwDOHN-IIM4JKPeM,1.1.2,v1.1.2 – Golden Retriever (patch 2),2024-05-01T15:23:42Z,2024-05-01T15:25:18Z,muffato,Matthieu Muffato,sanger-tol++genomenote.csv
RE_kwDOHN-IIM4IkCRz,1.1.1,v1.1.1 – Golden Retriever (patch 1),2024-02-26T16:42:54Z,2024-02-26T16:45:37Z,muffato,Matthieu Muffato,sanger-tol++genomenote.csv
RE_kwDOHN-IIM4IGKv4,1.1.0,v1.1.0 - Golden Retriever,2024-01-04T14:34:47Z,2024-01-04T14:35:01Z,muffato,Matthieu Muffato,sanger-tol++genomenote.csv
RE_kwDOHN-IIM4GK0Dc,1.0.0,v1.0.0 – Czechoslovakian Wolfdog,2023-05-18T22:41:28Z,2023-05-18T22:13:01Z,priyanka-surana,Priyanka Surana,sanger-tol++genomenote.csv
MDc6UmVsZWFzZTM3NzUyMDM4,v.01, BacGenomePipeline,2021-02-08T16:55:52Z,2021-02-08T16:58:48Z,StephenFordham,Stephen Fordham,StephenFordham++BacGenomePipeline.csv
RE_kwDOIpNe9c4J9rP-,1.1,Revised Manuscript Submission (Revision 1),2024-07-25T15:38:02Z,2024-07-25T15:42:24Z,stevemussmann,Steve Mussmann,stevemussmann++cpm_genome_assembly.csv
RE_kwDOIpNe9c4IWsO7,1.0,Manuscript submission version,2024-02-06T20:48:06Z,2024-02-06T20:52:14Z,stevemussmann,Steve Mussmann,stevemussmann++cpm_genome_assembly.csv
RE_kwDOJ_k_qM4G_fzl,v2.2,Release v2.2,2023-08-15T13:24:22Z,2023-08-15T13:28:17Z,strejcem,Michal Strejcek,strejcem++download_gtdb_genomes.csv
RE_kwDOJ_k_qM4G1SLI,v2.1,Release v2.1,2023-08-01T10:42:50Z,2023-08-01T10:44:48Z,strejcem,Michal Strejcek,strejcem++download_gtdb_genomes.csv
RE_kwDOJ_k_qM4GyI3R,v2.0,Release v2.0,2023-07-27T10:52:01Z,2023-07-27T10:53:38Z,strejcem,Michal Strejcek,strejcem++download_gtdb_genomes.csv
RE_kwDOJ_k_qM4Gx3KX,v1.3,Release v1.3,2023-07-26T17:21:39Z,2023-07-26T21:28:13Z,strejcem,Michal Strejcek,strejcem++download_gtdb_genomes.csv
RE_kwDOFF5vD84LL5yg,Biorxiv-Zenodo,Biorxiv - Zenodo,2024-11-26T20:04:27Z,2024-11-27T00:40:23Z,docmanny,Juan Manuel Vazquez,sudmantlab++MyotisGenomeAssembly.csv
RE_kwDOFF5vD84LL5U7,Biorxiv,Biorxiv release,2024-11-26T20:04:27Z,2024-11-27T00:35:15Z,docmanny,Juan Manuel Vazquez,sudmantlab++MyotisGenomeAssembly.csv
RE_kwDOIEraOc4FnvPo,v1.0,v1.0,2023-02-28T05:09:06Z,2023-03-02T19:08:31Z,symbiotic-em,Emily Aguirre,symbiotic-em++Roseibium_genome_assembly.csv
RE_kwDOKtmUJM4HuDUS,v1.1,zenodo release,2023-11-15T03:32:02Z,2023-11-15T09:37:34Z,TlaskalV,Vojtech Tlaskal,TlaskalV++Unicycler-genome-assembly.csv
RE_kwDOKtmUJM4Ht7vz,v1.0,initial release,2023-11-15T03:32:02Z,2023-11-15T03:35:56Z,TlaskalV,Vojtech Tlaskal,TlaskalV++Unicycler-genome-assembly.csv
MDc6UmVsZWFzZTEzMDA2NDY4,v1.1.0,Confident regions are now fragmented to increase variant mapping sensitivity by default.,2018-09-20T13:29:43Z,2018-09-20T16:16:37Z,deflaux,Nicole Deflaux,verilylifesciences++genomewarp.csv
MDc6UmVsZWFzZTY2NTUyMzk=,v1.0.0,Initial release of GenomeWarp,2017-06-08T18:59:49Z,2017-06-08T22:09:40Z,deflaux,Nicole Deflaux,verilylifesciences++genomewarp.csv
RE_kwDOL0SwE84JIICc,CM1.0,CM1.0 assembly,2024-04-28T08:28:01Z,2024-04-28T08:33:11Z,VZJP2022,xvzjp7892,VZJP2022++Scommersonii_genome.csv
RE_kwDOF8omVM4HwvrG,v2.2,chinesequartet-v2.2,2023-11-19T13:08:38Z,2023-11-19T13:51:27Z,PengJia6,Peng Jia,xjtu-omics++ChineseQuartetGenome.csv
RE_kwDOF8omVM4GqTzl,chinesequartet-v2.1,,2023-07-11T08:18:48Z,2023-07-11T08:33:53Z,PengJia6,Peng Jia,xjtu-omics++ChineseQuartetGenome.csv
MDc6UmVsZWFzZTQxOTQyMjQ3,1.0,Genome assembly of Fusarium oxysporum f.sp. sesami MR4003,2021-04-24T12:18:53Z,2021-04-24T12:30:39Z,Yedomon,Yedomon Ange Bovys Zoclanclounon,Yedomon++Yedomon-Genome_Assembly_Fusarium_oxysporum_f.sp._sesami.csv
MDc6UmVsZWFzZTI0ODkxNTUx,v1.0.0,Public release,2020-03-26T13:51:33Z,2020-03-26T13:53:08Z,zfuller5280,Zach Fuller,zfuller5280++CoralGenomes.csv
RE_kwDOHnk0is4KVPwO,v1.0-r1,Genome-on-Diet-1.0(r1),2023-09-28T08:34:09Z,2024-09-04T04:39:12Z,mealser,Mohammed Alser,CMU-SAFARI++Genome-on-Diet.csv
RE_kwDOM4JrRM4KlCLp,0.1,0.1,2024-09-29T16:46:42Z,2024-09-29T17:12:18Z,brainchalov,Alexander Brechalov,hackbio-ca++functional-annotation-genomic-proteomic-data.csv
MDc6UmVsZWFzZTYxMTI1MjU=,3.2.0,Genome 3.2.0,2017-04-18T17:47:42Z,2017-04-18T17:48:22Z,loganwright,logan,loganwright++Genome.csv
MDc6UmVsZWFzZTQ2MTc3OTg=,3.1.3,Genome 3.1.3,2016-11-09T20:35:50Z,2016-11-09T20:36:21Z,loganwright,logan,loganwright++Genome.csv
MDc6UmVsZWFzZTQ2MDcwMDI=,3.1.2,Genome 3.1.2,2016-11-08T20:21:12Z,2016-11-08T20:21:39Z,loganwright,logan,loganwright++Genome.csv
MDc6UmVsZWFzZTQ1OTcxMzc=,3.1.1,Genome 3.1.1,2016-11-08T00:10:51Z,2016-11-08T00:11:35Z,loganwright,logan,loganwright++Genome.csv
MDc6UmVsZWFzZTQ1OTcxMzQ=,3.1.0,Genome 3.1.0,2016-10-21T17:43:56Z,2016-11-08T00:11:18Z,loganwright,logan,loganwright++Genome.csv
MDc6UmVsZWFzZTQ0MTk2NjE=,3.0.3,Fix Carthage Submission,2016-10-18T15:27:12Z,2016-10-18T15:27:41Z,loganwright,logan,loganwright++Genome.csv
MDc6UmVsZWFzZTQxMjU3NzM=,3.0.2,Cocoapods Support,2016-09-14T04:56:43Z,2016-09-14T05:17:52Z,loganwright,logan,loganwright++Genome.csv
MDc6UmVsZWFzZTQxMjQ2NDg=,3.0.1,Genome 3.0.1 - Carthage Support,2016-09-14T01:33:20Z,2016-09-14T01:34:27Z,loganwright,logan,loganwright++Genome.csv
MDc6UmVsZWFzZTQxMjQ2NDU=,3.0.0,Genome 3.0,2016-09-13T04:49:25Z,2016-09-14T01:34:06Z,loganwright,logan,loganwright++Genome.csv
MDc6UmVsZWFzZTQyODc1OTYx,v2021.02.2,v2021.02.2,2021-05-13T00:10:16Z,2021-05-13T00:10:44Z,GPUtester,gpuCI,NVIDIA-Genomics-Research++GenomeWorks.csv
MDc6UmVsZWFzZTQyODU3OTMz,v2021.02.1,v2021.02.1,2021-05-12T16:55:24Z,2021-05-12T17:15:12Z,GPUtester,gpuCI,NVIDIA-Genomics-Research++GenomeWorks.csv
MDc6UmVsZWFzZTM4NjY0NjM4,v2021.02.0,v2021.02.0,2021-02-24T05:30:12Z,2021-03-17T10:47:00Z,ohadmo,Ohad Mosafi,NVIDIA-Genomics-Research++GenomeWorks.csv
MDc6UmVsZWFzZTMxNjcyMzY4,v0.5.3,v0.5.3,2020-09-22T14:00:13Z,2020-09-22T19:43:46Z,tijyojwad,Joyjit Daw,NVIDIA-Genomics-Research++GenomeWorks.csv
MDc6UmVsZWFzZTMwNzQyMDMy,v0.5.2,v0.5.2,2020-09-04T17:00:15Z,2020-09-04T17:07:15Z,ahehn-nv,,NVIDIA-Genomics-Research++GenomeWorks.csv
MDc6UmVsZWFzZTI5ODcwNzY2,v0.5.1,,2020-08-19T14:30:14Z,2020-08-19T15:29:55Z,tijyojwad,Joyjit Daw,NVIDIA-Genomics-Research++GenomeWorks.csv
MDc6UmVsZWFzZTI5Mzc0MDQy,v0.5.0,GenomeWorks v0.5.0,2020-08-05T17:20:11Z,2020-08-05T17:28:58Z,tijyojwad,Joyjit Daw,NVIDIA-Genomics-Research++GenomeWorks.csv
MDc6UmVsZWFzZTI0OTA5ODgy,v0.4.4,ClaraGenomicsAnalysis Release 0.4.4,2020-03-26T14:18:33Z,2020-03-26T21:17:15Z,tijyojwad,Joyjit Daw,NVIDIA-Genomics-Research++GenomeWorks.csv
MDc6UmVsZWFzZTI0MjI4MDAy,v0.5.0-rc1,ClaraGenomicsAnalysis 0.5.0 - Release Candidate 1,2020-03-04T21:42:51Z,2020-03-04T21:46:04Z,tijyojwad,Joyjit Daw,NVIDIA-Genomics-Research++GenomeWorks.csv
MDc6UmVsZWFzZTIxOTA0MTcx,v0.4.3,ClaraGenomicsAnalysis Release 0.4.3,2019-12-02T10:07:53Z,2019-12-02T17:12:49Z,ohadmo,Ohad Mosafi,NVIDIA-Genomics-Research++GenomeWorks.csv
MDc6UmVsZWFzZTIxODE3MzY4,v0.4.0,ClaraGenomicsAnalysis Release 0.4.0,2019-11-28T00:54:08Z,2019-11-28T01:12:47Z,tijyojwad,Joyjit Daw,NVIDIA-Genomics-Research++GenomeWorks.csv
MDc6UmVsZWFzZTIwNTg3ODY0,v0.3.0,ClaraGenomicsAnalysis Release 0.3.0,2019-10-09T17:27:19Z,2019-10-09T19:16:25Z,tijyojwad,Joyjit Daw,NVIDIA-Genomics-Research++GenomeWorks.csv
MDc6UmVsZWFzZTE5Mjk5MjY3,v0.2.0,ClaraGenomicsAnalysis Release 0.2.0,2019-08-14T21:41:35Z,2019-08-14T21:42:08Z,tijyojwad,Joyjit Daw,NVIDIA-Genomics-Research++GenomeWorks.csv
MDc6UmVsZWFzZTE4NDcyMzU2,v0.1.0,ClaraGenomicsAnalysis Release 0.1.0,2019-07-02T00:06:58Z,2019-07-08T13:59:46Z,tijyojwad,Joyjit Daw,NVIDIA-Genomics-Research++GenomeWorks.csv
MDc6UmVsZWFzZTI5MTAzODc5,v1.0420,Release 2020.04 of the standard script,2020-07-07T08:54:40Z,2020-07-30T07:21:09Z,BSGenomique,,BSGenomique++genomic-rnaseq-pipeline.csv
RE_kwDODMnPJc4FN5cO,v4.0,v4.0,2022-12-28T19:21:22Z,2022-12-29T15:10:45Z,cfarkas,cfarkas,cfarkas++annotate_my_genomes.csv
RE_kwDODMnPJc4EOFMf,v3.3,v3.3,2022-06-28T20:14:21Z,2022-06-28T20:18:33Z,cfarkas,cfarkas,cfarkas++annotate_my_genomes.csv
RE_kwDODMnPJc4ECbZu,v3.2,v3.2,2022-05-24T22:32:25Z,2022-05-24T22:37:49Z,cfarkas,cfarkas,cfarkas++annotate_my_genomes.csv
RE_kwDODMnPJc4ECbYU,v3.0,v3.0,2022-05-16T22:24:17Z,2022-05-24T22:35:34Z,cfarkas,cfarkas,cfarkas++annotate_my_genomes.csv
RE_kwDODMnPJc4Drpk7,v2.1,v2.1,2022-03-12T22:48:04Z,2022-03-14T15:22:29Z,cfarkas,cfarkas,cfarkas++annotate_my_genomes.csv
RE_kwDODMnPJc4DRCxL,v2.0,,2021-12-06T14:07:56Z,2021-12-07T14:39:20Z,cfarkas,cfarkas,cfarkas++annotate_my_genomes.csv
MDc6UmVsZWFzZTQ2MjY3MzIx,v1.0.3,v1.0.3,2021-06-22T06:10:05Z,2021-07-15T15:56:19Z,cfarkas,cfarkas,cfarkas++annotate_my_genomes.csv
MDc6UmVsZWFzZTM5Mzg5NTI2,1.0.2,v1.0.2,2021-03-07T03:59:35Z,2021-03-07T04:04:35Z,cfarkas,cfarkas,cfarkas++annotate_my_genomes.csv
MDc6UmVsZWFzZTM5MjM0MzEx,1.0.1,v1.0.1,2021-03-03T22:50:00Z,2021-03-03T22:57:26Z,cfarkas,cfarkas,cfarkas++annotate_my_genomes.csv
MDc6UmVsZWFzZTM5MjM0MjE5,1.0,v1.0,2021-03-03T19:44:19Z,2021-03-03T22:55:12Z,cfarkas,cfarkas,cfarkas++annotate_my_genomes.csv
MDc6UmVsZWFzZTQ0NzIwMTI=,0.1,RNAseq Expression Raw data as RData file,2016-10-24T19:40:08Z,2016-10-24T22:16:00Z,vswarup,Vivek Swarup,dhglab++Genome-wide-changes-in-lncRNA-alternative-splicing-and-cortical-patterning-in-autism.csv
RE_kwDOGiQZ6s4KbeIY,v2.0.0,v2.0.0 - Snakemake 8 compatible,2024-09-13T14:28:37Z,2024-09-13T14:29:23Z,sreichl,Stephan Reichl,epigen++genome_tracks.csv
RE_kwDOGiQZ6s4Izg5z,v1.0.1,v1.0.1 - stable version with complete docs and DOI,2024-03-21T13:13:49Z,2024-03-21T13:20:33Z,sreichl,Stephan Reichl,epigen++genome_tracks.csv
RE_kwDOGiQZ6s4IzgWR,v1.0.0,v1.0.0 - stable version with complete docs,2024-03-20T15:03:05Z,2024-03-21T13:09:05Z,sreichl,Stephan Reichl,epigen++genome_tracks.csv
RE_kwDOGiQZ6s4FTm1A,v0.1.0,v0.1.0 - stable version with complete docs,2023-01-06T14:48:15Z,2023-01-15T13:23:17Z,sreichl,Stephan Reichl,epigen++genome_tracks.csv
MDc6UmVsZWFzZTIwMjAyMDk1,v0.5.0,version 0.5.0,2019-09-24T07:30:15Z,2019-09-24T07:31:10Z,friend1ws,Yuichi Shiraishi,Genomon-Project++GenomonExpression.csv
MDc6UmVsZWFzZTkzMzMwNjg=,v0.4.0,version 0.4.0,2018-01-22T15:51:36Z,2018-01-22T15:53:34Z,friend1ws,Yuichi Shiraishi,Genomon-Project++GenomonExpression.csv
MDc6UmVsZWFzZTU1MDczMDU=,v0.3.0,version 0.3.0,2017-02-20T08:22:56Z,2017-02-20T08:25:04Z,friend1ws,Yuichi Shiraishi,Genomon-Project++GenomonExpression.csv
MDc6UmVsZWFzZTM5MTM4Mjc=,v0.2.0,version 0.2.0,2016-08-18T06:12:56Z,2016-08-18T06:20:18Z,friend1ws,Yuichi Shiraishi,Genomon-Project++GenomonExpression.csv
MDc6UmVsZWFzZTIxMjU5NDk=,v0.1.0,version 0.1.0,2015-09-25T06:30:09Z,2015-11-14T06:48:59Z,friend1ws,Yuichi Shiraishi,Genomon-Project++GenomonExpression.csv
RE_kwDOHi3qDM4EZZAG,v1.0,Publication Release,2022-06-23T09:48:29Z,2022-08-05T15:06:32Z,owensnick,Nick Owens,owensnick++KCNH6GenomicsFigures.jl.csv
MDc6UmVsZWFzZTIzMzA3NjYz,v1.0.0-alpha,pre Bioconductor release,2020-01-28T01:48:50Z,2020-02-01T05:22:35Z,sa-lee,Stuart Lee,sa-lee++fluentGenomics.csv
MDc6UmVsZWFzZTIzMzA3Njc5,v1.0.0,Bioconductor @ accepted version,2020-01-28T01:48:50Z,2020-02-01T05:25:13Z,sa-lee,Stuart Lee,sa-lee++fluentGenomics.csv
RE_kwDOFIO7Dc4K6aoB,v1.4.1,v1.4.1,2024-11-01T11:24:34Z,2024-11-01T11:33:39Z,epi2melabs-bot,,epi2me-labs++wf-bacterial-genomes.csv
RE_kwDOFIO7Dc4KcXqr,v1.4.0,v1.4.0,2024-09-16T09:00:33Z,2024-09-16T10:54:24Z,epi2melabs-bot,,epi2me-labs++wf-bacterial-genomes.csv
RE_kwDOFIO7Dc4KAO1-,v1.3.0,v1.3.0,2024-07-30T11:47:32Z,2024-07-30T11:55:40Z,epi2melabs-bot,,epi2me-labs++wf-bacterial-genomes.csv
RE_kwDOFIO7Dc4Ipd8G,v1.2.0,v1.2.0,2024-03-06T12:28:22Z,2024-03-06T15:43:35Z,epi2melabs-bot,,epi2me-labs++wf-bacterial-genomes.csv
RE_kwDOFIO7Dc4IYw1T,v1.1.1,v1.1.1,2024-02-08T17:35:14Z,2024-02-08T22:20:23Z,epi2melabs-bot,,epi2me-labs++wf-bacterial-genomes.csv
RE_kwDOFIO7Dc4H7-2A,v1.0.0,v1.0.0,2023-12-06T15:56:42Z,2023-12-08T11:47:59Z,epi2melabs-bot,,epi2me-labs++wf-bacterial-genomes.csv
RE_kwDOFIO7Dc4HFGzq,v0.4.0,v0.4.0,2023-08-26T00:25:37Z,2023-08-26T00:32:20Z,epi2melabs-bot,,epi2me-labs++wf-bacterial-genomes.csv
RE_kwDOFIO7Dc4HAsMX,v0.3.3,v0.3.3,2023-08-17T13:14:29Z,2023-08-17T13:22:04Z,epi2melabs-bot,,epi2me-labs++wf-bacterial-genomes.csv
RE_kwDOFIO7Dc4G_gwU,v0.3.2,v0.3.2,2023-08-15T12:16:54Z,2023-08-15T13:49:34Z,epi2melabs-bot,,epi2me-labs++wf-bacterial-genomes.csv
RE_kwDOFIO7Dc4Gxu0p,v0.3.1,v0.3.1,2023-07-25T17:02:30Z,2023-07-26T16:23:35Z,epi2melabs-bot,,epi2me-labs++wf-bacterial-genomes.csv
RE_kwDOFIO7Dc4Ge7DQ,v0.3.0,v0.3.0,2023-06-15T11:14:59Z,2023-06-15T17:38:46Z,epi2melabs-bot,,epi2me-labs++wf-bacterial-genomes.csv
RE_kwDOFIO7Dc4GKRiC,v0.2.14,v0.2.14,2023-05-17T17:33:53Z,2023-05-17T17:40:23Z,epi2melabs-bot,,epi2me-labs++wf-bacterial-genomes.csv
RE_kwDOFIO7Dc4GHFIa,v0.2.13,v0.2.13,2023-05-10T16:32:43Z,2023-05-10T16:38:20Z,epi2melabs-bot,,epi2me-labs++wf-bacterial-genomes.csv
RE_kwDOFIO7Dc4FkBpS,v0.2.12,v0.2.12,2023-02-22T17:24:48Z,2023-02-22T17:32:27Z,epi2melabs-bot,,epi2me-labs++wf-bacterial-genomes.csv
RE_kwDOFIO7Dc4FdjzZ,v0.2.11,v0.2.11,2023-02-07T17:06:10Z,2023-02-07T17:18:14Z,epi2melabs-bot,,epi2me-labs++wf-bacterial-genomes.csv
RE_kwDOFIO7Dc4FVAOb,v0.2.10,v0.2.10,2023-01-17T22:38:24Z,2023-01-18T12:23:21Z,epi2melabs-bot,,epi2me-labs++wf-bacterial-genomes.csv
RE_kwDOFIO7Dc4FExRZ,v0.2.9,v0.2.9,2022-12-06T12:01:09Z,2022-12-06T12:18:55Z,epi2melabs-bot,,epi2me-labs++wf-bacterial-genomes.csv
RE_kwDOFIO7Dc4FDV_4,v0.2.8,v0.2.8,2022-12-01T23:22:17Z,2022-12-01T23:30:57Z,epi2melabs-bot,,epi2me-labs++wf-bacterial-genomes.csv
RE_kwDOFIO7Dc4FDK3-,v0.2.7,v0.2.7,2022-12-01T15:05:59Z,2022-12-01T15:19:48Z,epi2melabs-bot,,epi2me-labs++wf-bacterial-genomes.csv
RE_kwDOFIO7Dc4EzdQm,v0.2.6,v0.2.6,2022-10-21T12:04:28Z,2022-10-21T12:21:28Z,epi2melabs-bot,,epi2me-labs++wf-bacterial-genomes.csv
RE_kwDOFIO7Dc4Elak0,v0.2.5,v0.2.5,2022-09-12T16:46:46Z,2022-09-12T16:58:44Z,epi2melabs-bot,,epi2me-labs++wf-bacterial-genomes.csv
RE_kwDOFIO7Dc4D-ZOg,v0.2.4,v0.2.4,2022-05-12T13:02:43Z,2022-05-12T13:06:53Z,epi2melabs-bot,,epi2me-labs++wf-bacterial-genomes.csv
RE_kwDOFIO7Dc4D-Hqt,v0.2.3,v0.2.3,2022-05-11T18:19:06Z,2022-05-11T18:22:35Z,epi2melabs-bot,,epi2me-labs++wf-bacterial-genomes.csv
RE_kwDOFIO7Dc4DqQHE,v0.2.2,v0.2.2,2022-03-09T18:02:59Z,2022-03-09T18:13:24Z,epi2melabs-bot,,epi2me-labs++wf-bacterial-genomes.csv
MDc6UmVsZWFzZTQ2OTAwOTIw,v0.2.1,v0.2.1,2021-07-28T12:10:19Z,2021-07-28T12:26:16Z,epi2melabs-bot,,epi2me-labs++wf-bacterial-genomes.csv
MDc6UmVsZWFzZTQzMDUyOTQ2,v0.2.0,v0.2.0,2021-05-17T12:06:49Z,2021-05-17T12:11:56Z,epi2melabs-bot,,epi2me-labs++wf-bacterial-genomes.csv
MDc6UmVsZWFzZTQwMjc5ODQ5,v0.1.3,v0.1.3,2021-03-24T10:08:06Z,2021-03-24T10:09:43Z,epi2melabs-bot,,epi2me-labs++wf-bacterial-genomes.csv
MDc6UmVsZWFzZTM5OTYwOTAw,v0.1.1,v0.1.1,2021-03-17T18:28:56Z,2021-03-17T18:35:08Z,epi2melabs-bot,,epi2me-labs++wf-bacterial-genomes.csv
MDc6UmVsZWFzZTM5NTQ1Mjc4,v0.1.0,v0.1.0,2021-03-09T20:51:43Z,2021-03-09T20:52:37Z,epi2melabs-bot,,epi2me-labs++wf-bacterial-genomes.csv
MDc6UmVsZWFzZTM5MTkxMzI5,v0.0.1,v0.0.1,2021-03-03T15:56:24Z,2021-03-03T15:57:29Z,epi2melabs-bot,,epi2me-labs++wf-bacterial-genomes.csv
MDc6UmVsZWFzZTMyMjY5Njcy,1.3.0,1.3.0,2020-10-07T13:44:21Z,2020-10-07T13:52:36Z,bshifaw,bshifaw,gatk-workflows++gatk4-genome-processing-pipeline.csv
MDc6UmVsZWFzZTI4ODI3MDc0,1.2.0,1.2.0,2020-07-22T13:20:14Z,2020-07-22T13:22:35Z,bshifaw,bshifaw,gatk-workflows++gatk4-genome-processing-pipeline.csv
MDc6UmVsZWFzZTI1ODI0Mjk0,1.1.0,1.1.0,2020-04-23T15:17:17Z,2020-04-23T19:38:27Z,bshifaw,bshifaw,gatk-workflows++gatk4-genome-processing-pipeline.csv
MDc6UmVsZWFzZTIzMTI4NjY4,1.0.0,1.0.0,2020-01-26T00:49:59Z,2020-01-26T01:09:40Z,bshifaw,bshifaw,gatk-workflows++gatk4-genome-processing-pipeline.csv
MDc6UmVsZWFzZTc0MjYwODU=,v0.1.2,,2017-08-17T13:46:37Z,2017-08-17T13:47:43Z,neksa,Alexander Goncearenco,NCBI-Hackathons++GenomicRobots.csv
MDc6UmVsZWFzZTc0MTgzNjg=,v0.1,Hackathon,2017-08-16T22:21:29Z,2017-08-16T22:26:30Z,neksa,Alexander Goncearenco,NCBI-Hackathons++GenomicRobots.csv
RE_kwDOKDNCPM4KPP5U,v1.1.0,v1.1.0,2024-05-20T07:06:40Z,2024-08-24T04:13:29Z,georgiesamaha,Georgie Samaha,Sydney-Informatics-Hub++Parabricks-Genomics-nf.csv
RE_kwDOKDNCPM4JQ7dH,v1.0.0,v1.0.0,2024-05-13T03:55:36Z,2024-05-13T03:56:39Z,georgiesamaha,Georgie Samaha,Sydney-Informatics-Hub++Parabricks-Genomics-nf.csv
